Date,Year,Month,Quarter,YearQuarter,YearMonth,Country,Provider,InternetType,MetricType,DownloadSpeed,UploadSpeed,Latency,Jitter,Device,Aggregate Date,Treated,Technology,Post
2019-04-01T00:00:00Z,2019,4,2,2019-Q2,2019-04,Azerbaijan,All Providers Combined,Cellular,median,20.85,8.5,NA,NA,NA,Apr-19,0,cellular,0
2019-05-01T00:00:00Z,2019,5,2,2019-Q2,2019-05,Azerbaijan,All Providers Combined,Cellular,median,21.8,8.65,NA,NA,NA,May-19,0,cellular,0
2019-06-01T00:00:00Z,2019,6,2,2019-Q2,2019-06,Azerbaijan,All Providers Combined,Cellular,median,21.94,9.01,NA,NA,NA,Jun-19,0,cellular,0
2019-07-01T00:00:00Z,2019,7,3,2019-Q3,2019-07,Azerbaijan,All Providers Combined,Cellular,median,21.1,9.07,NA,NA,NA,Jul-19,0,cellular,0
2019-08-01T00:00:00Z,2019,8,3,2019-Q3,2019-08,Azerbaijan,All Providers Combined,Cellular,median,22.24,9.62,NA,NA,NA,Aug-19,0,cellular,0
2019-09-01T00:00:00Z,2019,9,3,2019-Q3,2019-09,Azerbaijan,All Providers Combined,Cellular,median,23.81,10.55,NA,NA,NA,Sep-19,0,cellular,0
2019-10-01T00:00:00Z,2019,10,4,2019-Q4,2019-10,Azerbaijan,All Providers Combined,Cellular,median,22.98,11.17,NA,NA,NA,Oct-19,0,cellular,0
2019-11-01T00:00:00Z,2019,11,4,2019-Q4,2019-11,Azerbaijan,All Providers Combined,Cellular,median,23.97,10.96,NA,NA,NA,Nov-19,0,cellular,0
2019-12-01T00:00:00Z,2019,12,4,2019-Q4,2019-12,Azerbaijan,All Providers Combined,Cellular,median,25.25,11.08,NA,NA,NA,Dec-19,0,cellular,0
2020-01-01T00:00:00Z,2020,1,1,2020-Q1,2020-01,Azerbaijan,All Providers Combined,Cellular,median,22.12,9.05,NA,NA,NA,Jan-20,0,cellular,0
2020-02-01T00:00:00Z,2020,2,1,2020-Q1,2020-02,Azerbaijan,All Providers Combined,Cellular,median,22.1,9.11,NA,NA,NA,Feb-20,0,cellular,0
2020-03-01T00:00:00Z,2020,3,1,2020-Q1,2020-03,Azerbaijan,All Providers Combined,Cellular,median,21.11,8.16,NA,NA,NA,Mar-20,0,cellular,0
2020-04-01T00:00:00Z,2020,4,2,2020-Q2,2020-04,Azerbaijan,All Providers Combined,Cellular,median,22.05,7.21,NA,NA,NA,Apr-20,0,cellular,0
2020-05-01T00:00:00Z,2020,5,2,2020-Q2,2020-05,Azerbaijan,All Providers Combined,Cellular,median,23.89,7.43,NA,NA,NA,May-20,0,cellular,0
2020-06-01T00:00:00Z,2020,6,2,2020-Q2,2020-06,Azerbaijan,All Providers Combined,Cellular,median,25.18,8.02,NA,NA,NA,Jun-20,0,cellular,0
2020-07-01T00:00:00Z,2020,7,3,2020-Q3,2020-07,Azerbaijan,All Providers Combined,Cellular,median,25.12,7.67,NA,NA,NA,Jul-20,0,cellular,0
2020-08-01T00:00:00Z,2020,8,3,2020-Q3,2020-08,Azerbaijan,All Providers Combined,Cellular,median,26.67,8.89,NA,NA,NA,Aug-20,0,cellular,0
2020-09-01T00:00:00Z,2020,9,3,2020-Q3,2020-09,Azerbaijan,All Providers Combined,Cellular,median,29.26,10.8,NA,NA,NA,Sep-20,0,cellular,0
2020-10-01T00:00:00Z,2020,10,4,2020-Q4,2020-10,Azerbaijan,All Providers Combined,Cellular,median,25.09,9.48,NA,NA,NA,Oct-20,0,cellular,0
2020-11-01T00:00:00Z,2020,11,4,2020-Q4,2020-11,Azerbaijan,All Providers Combined,Cellular,median,25.23,10.25,NA,NA,NA,Nov-20,0,cellular,0
2020-12-01T00:00:00Z,2020,12,4,2020-Q4,2020-12,Azerbaijan,All Providers Combined,Cellular,median,25.43,8.95,NA,NA,NA,Dec-20,0,cellular,0
2021-01-01T00:00:00Z,2021,1,1,2021-Q1,2021-01,Azerbaijan,All Providers Combined,Cellular,median,26.26,8.79,NA,NA,NA,Jan-21,0,cellular,0
2021-02-01T00:00:00Z,2021,2,1,2021-Q1,2021-02,Azerbaijan,All Providers Combined,Cellular,median,28.72,9.97,NA,NA,NA,Feb-21,0,cellular,0
2021-03-01T00:00:00Z,2021,3,1,2021-Q1,2021-03,Azerbaijan,All Providers Combined,Cellular,median,28.43,8.92,NA,NA,NA,Mar-21,0,cellular,0
2021-04-01T00:00:00Z,2021,4,2,2021-Q2,2021-04,Azerbaijan,All Providers Combined,Cellular,median,30.97,9.47,NA,NA,NA,Apr-21,0,cellular,0
2021-05-01T00:00:00Z,2021,5,2,2021-Q2,2021-05,Azerbaijan,All Providers Combined,Cellular,median,27.5,7.33,NA,NA,NA,May-21,0,cellular,0
2021-06-01T00:00:00Z,2021,6,2,2021-Q2,2021-06,Azerbaijan,All Providers Combined,Cellular,median,29.27,8.35,NA,NA,NA,Jun-21,0,cellular,0
2021-07-01T00:00:00Z,2021,7,3,2021-Q3,2021-07,Azerbaijan,All Providers Combined,Cellular,median,27.46,7.98,NA,NA,NA,Jul-21,0,cellular,0
2021-08-01T00:00:00Z,2021,8,3,2021-Q3,2021-08,Azerbaijan,All Providers Combined,Cellular,median,29.93,8.06,NA,NA,NA,Aug-21,0,cellular,0
2021-09-01T00:00:00Z,2021,9,3,2021-Q3,2021-09,Azerbaijan,All Providers Combined,Cellular,median,31.4,9.04,NA,NA,NA,Sep-21,0,cellular,0
2021-10-01T00:00:00Z,2021,10,4,2021-Q4,2021-10,Azerbaijan,All Providers Combined,Cellular,median,29.61,8.67,NA,NA,NA,Oct-21,0,cellular,0
2021-11-01T00:00:00Z,2021,11,4,2021-Q4,2021-11,Azerbaijan,All Providers Combined,Cellular,median,28.23,8.24,NA,NA,NA,Nov-21,0,cellular,0
2021-12-01T00:00:00Z,2021,12,4,2021-Q4,2021-12,Azerbaijan,All Providers Combined,Cellular,median,29.06,8.51,NA,NA,NA,Dec-21,0,cellular,0
2022-01-01T00:00:00Z,2022,1,1,2022-Q1,2022-01,Azerbaijan,All Providers Combined,Cellular,median,30.96,9.6,34.2083,8.1184,NA,Jan-22,0,cellular,0
2022-02-01T00:00:00Z,2022,2,1,2022-Q1,2022-02,Azerbaijan,All Providers Combined,Cellular,median,30.85,9.29,34.0661,7.6808,NA,Feb-22,0,cellular,0
2022-03-01T00:00:00Z,2022,3,1,2022-Q1,2022-03,Azerbaijan,All Providers Combined,Cellular,median,30.4,8.97,34.5835,7.9734,NA,Mar-22,0,cellular,0
2022-04-01T00:00:00Z,2022,4,2,2022-Q2,2022-04,Azerbaijan,All Providers Combined,Cellular,median,32.52,10.14,34.3072,7.4824,NA,Apr-22,0,cellular,0
2022-05-01T00:00:00Z,2022,5,2,2022-Q2,2022-05,Azerbaijan,All Providers Combined,Cellular,median,32.17,10.04,36.0157,8.8302,NA,May-22,0,cellular,0
2022-06-01T00:00:00Z,2022,6,2,2022-Q2,2022-06,Azerbaijan,All Providers Combined,Cellular,median,33.64,10.07,35.3475,8.7641,NA,Jun-22,0,cellular,0
2022-07-01T00:00:00Z,2022,7,3,2022-Q3,2022-07,Azerbaijan,All Providers Combined,Cellular,median,31.23,9.23,36.0123,8.8089,NA,Jul-22,0,cellular,0
2022-08-01T00:00:00Z,2022,8,3,2022-Q3,2022-08,Azerbaijan,All Providers Combined,Cellular,median,30.9,8.92,36.6348,9.0227,NA,Aug-22,0,cellular,0
2022-09-01T00:00:00Z,2022,9,3,2022-Q3,2022-09,Azerbaijan,All Providers Combined,Cellular,median,33.95,10.22,35.6723,8.9955,NA,Sep-22,0,cellular,0
2022-10-01T00:00:00Z,2022,10,4,2022-Q4,2022-10,Azerbaijan,All Providers Combined,Cellular,median,33.8,10.06,35.1028,8.8575,NA,Oct-22,0,cellular,0
2022-11-01T00:00:00Z,2022,11,4,2022-Q4,2022-11,Azerbaijan,All Providers Combined,Cellular,median,34.6,9.66,35.3844,9.0496,NA,Nov-22,0,cellular,0
2022-12-01T00:00:00Z,2022,12,4,2022-Q4,2022-12,Azerbaijan,All Providers Combined,Cellular,median,34.93,10.05,35.3828,8.884,NA,Dec-22,0,cellular,0
2023-01-01T00:00:00Z,2023,1,1,2023-Q1,2023-01,Azerbaijan,All Providers Combined,Cellular,median,32.23,8.95,35.568,8.8761,NA,Jan-23,0,cellular,0
2023-02-01T00:00:00Z,2023,2,1,2023-Q1,2023-02,Azerbaijan,All Providers Combined,Cellular,median,37.47,11.04,35.2358,8.8835,NA,Feb-23,0,cellular,0
2023-03-01T00:00:00Z,2023,3,1,2023-Q1,2023-03,Azerbaijan,All Providers Combined,Cellular,median,39.46,12.29,34.7398,8.584,NA,Mar-23,0,cellular,0
2023-04-01T00:00:00Z,2023,4,2,2023-Q2,2023-04,Azerbaijan,All Providers Combined,Cellular,median,39.24,11.34,34.7328,8.5209,NA,Apr-23,0,cellular,0
2023-05-01T00:00:00Z,2023,5,2,2023-Q2,2023-05,Azerbaijan,All Providers Combined,Cellular,median,40.97,11.58,34.3607,8.3769,NA,May-23,0,cellular,0
2023-06-01T00:00:00Z,2023,6,2,2023-Q2,2023-06,Azerbaijan,All Providers Combined,Cellular,median,40.39,11.25,34.556,8.418,NA,Jun-23,0,cellular,0
2023-07-01T00:00:00Z,2023,7,3,2023-Q3,2023-07,Azerbaijan,All Providers Combined,Cellular,median,41.77,11.24,34.3289,8.4419,NA,Jul-23,0,cellular,0
2023-08-01T00:00:00Z,2023,8,3,2023-Q3,2023-08,Azerbaijan,All Providers Combined,Cellular,median,42.94,11.15,33.9384,8.592,NA,Aug-23,0,cellular,0
2023-09-01T00:00:00Z,2023,9,3,2023-Q3,2023-09,Azerbaijan,All Providers Combined,Cellular,median,44.88,13.11,33.6213,8.6951,NA,Sep-23,0,cellular,0
2023-10-01T00:00:00Z,2023,10,4,2023-Q4,2023-10,Azerbaijan,All Providers Combined,Cellular,median,45.7,12.71,33.6666,8.771,NA,Oct-23,0,cellular,0
2023-11-01T00:00:00Z,2023,11,4,2023-Q4,2023-11,Azerbaijan,All Providers Combined,Cellular,median,45.45,12.85,33.1386,8.4833,NA,Nov-23,0,cellular,0
2023-12-01T00:00:00Z,2023,12,4,2023-Q4,2023-12,Azerbaijan,All Providers Combined,Cellular,median,43.8,11.87,32.9048,8.2517,NA,Dec-23,0,cellular,0
2024-01-01T00:00:00Z,2024,1,1,2024-Q1,2024-01,Azerbaijan,All Providers Combined,Cellular,median,46.88,12.22,32.889,8.2944,NA,Jan-24,0,cellular,0
2024-02-01T00:00:00Z,2024,2,1,2024-Q1,2024-02,Azerbaijan,All Providers Combined,Cellular,median,48.41,13.23,33.3016,8.3534,NA,Feb-24,0,cellular,0
2024-03-01T00:00:00Z,2024,3,1,2024-Q1,2024-03,Azerbaijan,All Providers Combined,Cellular,median,50.12,12.77,33.8976,8.5631,NA,Mar-24,0,cellular,0
2024-04-01T00:00:00Z,2024,4,2,2024-Q2,2024-04,Azerbaijan,All Providers Combined,Cellular,median,49.62,13.99,34.5784,8.6663,NA,Apr-24,0,cellular,0
2024-05-01T00:00:00Z,2024,5,2,2024-Q2,2024-05,Azerbaijan,All Providers Combined,Cellular,median,51.18,14.47,34.5587,8.7568,NA,May-24,0,cellular,0
2024-06-01T00:00:00Z,2024,6,2,2024-Q2,2024-06,Azerbaijan,All Providers Combined,Cellular,median,54.93,14.11,33.3933,8.3717,NA,Jun-24,0,cellular,0
2024-07-01T00:00:00Z,2024,7,3,2024-Q3,2024-07,Azerbaijan,All Providers Combined,Cellular,median,55.31,14.02,33.4701,8.1626,NA,Jul-24,0,cellular,0
2024-08-01T00:00:00Z,2024,8,3,2024-Q3,2024-08,Azerbaijan,All Providers Combined,Cellular,median,54.75,14.68,32.9267,8.1726,NA,Aug-24,0,cellular,1
2024-09-01T00:00:00Z,2024,9,3,2024-Q3,2024-09,Azerbaijan,All Providers Combined,Cellular,median,55.32,15.72,32.8966,8.2804,NA,Sep-24,0,cellular,1
2024-10-01T00:00:00Z,2024,10,4,2024-Q4,2024-10,Azerbaijan,All Providers Combined,Cellular,median,54.72,14.87,33.3734,8.6088,NA,Oct-24,0,cellular,1
2024-11-01T00:00:00Z,2024,11,4,2024-Q4,2024-11,Azerbaijan,All Providers Combined,Cellular,median,57.2,16.53,33.2235,8.5762,NA,Nov-24,0,cellular,1
2024-12-01T00:00:00Z,2024,12,4,2024-Q4,2024-12,Azerbaijan,All Providers Combined,Cellular,median,57.81,16.31,33.2478,8.7055,NA,Dec-24,0,cellular,1
2025-01-01T00:00:00Z,2025,1,1,2025-Q1,2025-01,Azerbaijan,All Providers Combined,Cellular,median,59.45,17.01,33.0293,8.5886,NA,Jan-25,0,cellular,1
2025-02-01T00:00:00Z,2025,2,1,2025-Q1,2025-02,Azerbaijan,All Providers Combined,Cellular,median,62.75,17.14,32.8703,8.7164,NA,Feb-25,0,cellular,1
2025-03-01T00:00:00Z,2025,3,1,2025-Q1,2025-03,Azerbaijan,All Providers Combined,Cellular,median,65.57,18.02,32.6383,8.4559,NA,Mar-25,0,cellular,1
2025-04-01T00:00:00Z,2025,4,2,2025-Q2,2025-04,Azerbaijan,All Providers Combined,Cellular,median,58.98,16.67,32.8898,8.6863,NA,Apr-25,0,cellular,1
2025-05-01T00:00:00Z,2025,5,2,2025-Q2,2025-05,Azerbaijan,All Providers Combined,Cellular,median,61.51,16.77,33.1475,8.6955,NA,May-25,0,cellular,1
2025-06-01T00:00:00Z,2025,6,2,2025-Q2,2025-06,Azerbaijan,All Providers Combined,Cellular,median,63.59,16.82,33.6032,8.7251,NA,Jun-25,0,cellular,1
2025-07-01T00:00:00Z,2025,7,3,2025-Q3,2025-07,Azerbaijan,All Providers Combined,Cellular,median,65.87,17.6,33.2104,8.7086,NA,Jul-25,0,cellular,1
2025-08-01T00:00:00Z,2025,8,3,2025-Q3,2025-08,Azerbaijan,All Providers Combined,Cellular,median,68.15,18.4,33.4934,8.5929,NA,Aug-25,0,cellular,1
2025-09-01T00:00:00Z,2025,9,3,2025-Q3,2025-09,Azerbaijan,All Providers Combined,Cellular,median,69.82,19.36,33.071,8.7466,NA,Sep-25,0,cellular,1
2019-04-01T00:00:00Z,2019,4,2,2019-Q2,2019-04,Azerbaijan,All Providers Combined,Fixed,median,5.93,3.24,NA,NA,NA,Apr-19,1,NA,0
2019-05-01T00:00:00Z,2019,5,2,2019-Q2,2019-05,Azerbaijan,All Providers Combined,Fixed,median,5.86,3.31,NA,NA,NA,May-19,1,NA,0
2019-06-01T00:00:00Z,2019,6,2,2019-Q2,2019-06,Azerbaijan,All Providers Combined,Fixed,median,5.41,2.38,NA,NA,NA,Jun-19,1,NA,0
2019-07-01T00:00:00Z,2019,7,3,2019-Q3,2019-07,Azerbaijan,All Providers Combined,Fixed,median,7.43,6.26,NA,NA,NA,Jul-19,1,NA,0
2019-08-01T00:00:00Z,2019,8,3,2019-Q3,2019-08,Azerbaijan,All Providers Combined,Fixed,median,6.84,5.85,NA,NA,NA,Aug-19,1,NA,0
2019-09-01T00:00:00Z,2019,9,3,2019-Q3,2019-09,Azerbaijan,All Providers Combined,Fixed,median,9.19,9.11,NA,NA,NA,Sep-19,1,NA,0
2019-10-01T00:00:00Z,2019,10,4,2019-Q4,2019-10,Azerbaijan,All Providers Combined,Fixed,median,10.72,11.64,NA,NA,NA,Oct-19,1,NA,0
2019-11-01T00:00:00Z,2019,11,4,2019-Q4,2019-11,Azerbaijan,All Providers Combined,Fixed,median,10.18,10.9,NA,NA,NA,Nov-19,1,NA,0
2019-12-01T00:00:00Z,2019,12,4,2019-Q4,2019-12,Azerbaijan,All Providers Combined,Fixed,median,10.34,11.21,NA,NA,NA,Dec-19,1,NA,0
2020-01-01T00:00:00Z,2020,1,1,2020-Q1,2020-01,Azerbaijan,All Providers Combined,Fixed,median,9.81,10.39,NA,NA,NA,Jan-20,1,NA,0
2020-02-01T00:00:00Z,2020,2,1,2020-Q1,2020-02,Azerbaijan,All Providers Combined,Fixed,median,9.92,10.36,NA,NA,NA,Feb-20,1,NA,0
2020-03-01T00:00:00Z,2020,3,1,2020-Q1,2020-03,Azerbaijan,All Providers Combined,Fixed,median,9.51,9.86,NA,NA,NA,Mar-20,1,NA,0
2020-04-01T00:00:00Z,2020,4,2,2020-Q2,2020-04,Azerbaijan,All Providers Combined,Fixed,median,8.94,8.76,NA,NA,NA,Apr-20,1,NA,0
2020-05-01T00:00:00Z,2020,5,2,2020-Q2,2020-05,Azerbaijan,All Providers Combined,Fixed,median,9.83,9.99,NA,NA,NA,May-20,1,NA,0
2020-06-01T00:00:00Z,2020,6,2,2020-Q2,2020-06,Azerbaijan,All Providers Combined,Fixed,median,9.82,10.09,NA,NA,NA,Jun-20,1,NA,0
2020-07-01T00:00:00Z,2020,7,3,2020-Q3,2020-07,Azerbaijan,All Providers Combined,Fixed,median,9.03,9.18,NA,NA,NA,Jul-20,1,NA,0
2020-08-01T00:00:00Z,2020,8,3,2020-Q3,2020-08,Azerbaijan,All Providers Combined,Fixed,median,9.97,10.31,NA,NA,NA,Aug-20,1,NA,0
2020-09-01T00:00:00Z,2020,9,3,2020-Q3,2020-09,Azerbaijan,All Providers Combined,Fixed,median,12.47,13.8,NA,NA,NA,Sep-20,1,NA,0
2020-10-01T00:00:00Z,2020,10,4,2020-Q4,2020-10,Azerbaijan,All Providers Combined,Fixed,median,16.45,18.22,NA,NA,NA,Oct-20,1,NA,0
2020-11-01T00:00:00Z,2020,11,4,2020-Q4,2020-11,Azerbaijan,All Providers Combined,Fixed,median,11.91,14.66,NA,NA,NA,Nov-20,1,NA,0
2020-12-01T00:00:00Z,2020,12,4,2020-Q4,2020-12,Azerbaijan,All Providers Combined,Fixed,median,11.1,12.59,NA,NA,NA,Dec-20,1,NA,0
2021-01-01T00:00:00Z,2021,1,1,2021-Q1,2021-01,Azerbaijan,All Providers Combined,Fixed,median,11.7,13.07,NA,NA,NA,Jan-21,1,NA,0
2021-02-01T00:00:00Z,2021,2,1,2021-Q1,2021-02,Azerbaijan,All Providers Combined,Fixed,median,12.62,13.69,NA,NA,NA,Feb-21,1,NA,0
2021-03-01T00:00:00Z,2021,3,1,2021-Q1,2021-03,Azerbaijan,All Providers Combined,Fixed,median,11.38,12.52,NA,NA,NA,Mar-21,1,NA,0
2021-04-01T00:00:00Z,2021,4,2,2021-Q2,2021-04,Azerbaijan,All Providers Combined,Fixed,median,12.22,12.85,NA,NA,NA,Apr-21,1,NA,0
2021-05-01T00:00:00Z,2021,5,2,2021-Q2,2021-05,Azerbaijan,All Providers Combined,Fixed,median,10.74,11,NA,NA,NA,May-21,1,NA,0
2021-06-01T00:00:00Z,2021,6,2,2021-Q2,2021-06,Azerbaijan,All Providers Combined,Fixed,median,13.12,14.37,NA,NA,NA,Jun-21,1,NA,0
2021-07-01T00:00:00Z,2021,7,3,2021-Q3,2021-07,Azerbaijan,All Providers Combined,Fixed,median,12.81,14.13,NA,NA,NA,Jul-21,1,NA,0
2021-08-01T00:00:00Z,2021,8,3,2021-Q3,2021-08,Azerbaijan,All Providers Combined,Fixed,median,13.62,14.98,NA,NA,NA,Aug-21,1,NA,0
2021-09-01T00:00:00Z,2021,9,3,2021-Q3,2021-09,Azerbaijan,All Providers Combined,Fixed,median,14.5,15.34,NA,NA,NA,Sep-21,1,NA,0
2021-10-01T00:00:00Z,2021,10,4,2021-Q4,2021-10,Azerbaijan,All Providers Combined,Fixed,median,15.48,16.48,NA,NA,NA,Oct-21,1,NA,0
2021-11-01T00:00:00Z,2021,11,4,2021-Q4,2021-11,Azerbaijan,All Providers Combined,Fixed,median,16.47,17.34,NA,NA,NA,Nov-21,1,NA,0
2021-12-01T00:00:00Z,2021,12,4,2021-Q4,2021-12,Azerbaijan,All Providers Combined,Fixed,median,17.24,18.26,NA,NA,NA,Dec-21,1,NA,0
2022-01-01T00:00:00Z,2022,1,1,2022-Q1,2022-01,Azerbaijan,All Providers Combined,Fixed,median,17.46,18.12,15.1121,8.125,NA,Jan-22,1,NA,0
2022-02-01T00:00:00Z,2022,2,1,2022-Q1,2022-02,Azerbaijan,All Providers Combined,Fixed,median,18.7,19.51,14.2889,7.7167,NA,Feb-22,1,NA,0
2022-03-01T00:00:00Z,2022,3,1,2022-Q1,2022-03,Azerbaijan,All Providers Combined,Fixed,median,19.93,21.16,13.2667,7.3583,NA,Mar-22,1,NA,0
2022-04-01T00:00:00Z,2022,4,2,2022-Q2,2022-04,Azerbaijan,All Providers Combined,Fixed,median,20.28,21.9,13.2667,7.925,NA,Apr-22,1,NA,0
2022-05-01T00:00:00Z,2022,5,2,2022-Q2,2022-05,Azerbaijan,All Providers Combined,Fixed,median,21.01,22.96,14.7167,9.3287,NA,May-22,1,NA,0
2022-06-01T00:00:00Z,2022,6,2,2022-Q2,2022-06,Azerbaijan,All Providers Combined,Fixed,median,22,23.66,13.5583,8.7586,NA,Jun-22,1,NA,0
2022-07-01T00:00:00Z,2022,7,3,2022-Q3,2022-07,Azerbaijan,All Providers Combined,Fixed,median,20.91,22.13,16.3821,10.7483,NA,Jul-22,1,NA,0
2022-08-01T00:00:00Z,2022,8,3,2022-Q3,2022-08,Azerbaijan,All Providers Combined,Fixed,median,22.15,22.89,15.0946,10.5658,NA,Aug-22,1,NA,0
2022-09-01T00:00:00Z,2022,9,3,2022-Q3,2022-09,Azerbaijan,All Providers Combined,Fixed,median,26.33,27.32,12.2,8.2813,NA,Sep-22,1,NA,0
2022-10-01T00:00:00Z,2022,10,4,2022-Q4,2022-10,Azerbaijan,All Providers Combined,Fixed,median,26.19,27.41,11.7916,7.9162,NA,Oct-22,1,NA,0
2022-11-01T00:00:00Z,2022,11,4,2022-Q4,2022-11,Azerbaijan,All Providers Combined,Fixed,median,27,28.64,12.875,8.725,NA,Nov-22,1,NA,0
2022-12-01T00:00:00Z,2022,12,4,2022-Q4,2022-12,Azerbaijan,All Providers Combined,Fixed,median,27.15,28.81,11.7382,8.0583,NA,Dec-22,1,NA,0
2023-01-01T00:00:00Z,2023,1,1,2023-Q1,2023-01,Azerbaijan,All Providers Combined,Fixed,median,26.27,27.85,11.95,8.1594,NA,Jan-23,1,NA,0
2023-02-01T00:00:00Z,2023,2,1,2023-Q1,2023-02,Azerbaijan,All Providers Combined,Fixed,median,27.57,28.75,10.8683,7.5155,NA,Feb-23,1,NA,0
2023-03-01T00:00:00Z,2023,3,1,2023-Q1,2023-03,Azerbaijan,All Providers Combined,Fixed,median,27.84,29.1,10.9521,7.5932,NA,Mar-23,1,NA,0
2023-04-01T00:00:00Z,2023,4,2,2023-Q2,2023-04,Azerbaijan,All Providers Combined,Fixed,median,28.83,29.59,10.2136,6.6939,NA,Apr-23,1,NA,0
2023-05-01T00:00:00Z,2023,5,2,2023-Q2,2023-05,Azerbaijan,All Providers Combined,Fixed,median,29.14,29.76,10.1528,6.5,NA,May-23,1,NA,0
2023-06-01T00:00:00Z,2023,6,2,2023-Q2,2023-06,Azerbaijan,All Providers Combined,Fixed,median,29.47,29.73,9.9618,6.2156,NA,Jun-23,1,NA,0
2023-07-01T00:00:00Z,2023,7,3,2023-Q3,2023-07,Azerbaijan,All Providers Combined,Fixed,median,29.14,30.41,9.9245,5.7925,NA,Jul-23,1,NA,0
2023-08-01T00:00:00Z,2023,8,3,2023-Q3,2023-08,Azerbaijan,All Providers Combined,Fixed,median,28.7,29.96,10.5833,6.6902,NA,Aug-23,1,NA,0
2023-09-01T00:00:00Z,2023,9,3,2023-Q3,2023-09,Azerbaijan,All Providers Combined,Fixed,median,29.29,30.68,9.658,5.9234,NA,Sep-23,1,NA,0
2023-10-01T00:00:00Z,2023,10,4,2023-Q4,2023-10,Azerbaijan,All Providers Combined,Fixed,median,30.48,32.44,9.8002,5.8639,NA,Oct-23,1,NA,0
2023-11-01T00:00:00Z,2023,11,4,2023-Q4,2023-11,Azerbaijan,All Providers Combined,Fixed,median,33.03,33.32,9.7461,5.95,NA,Nov-23,1,NA,0
2023-12-01T00:00:00Z,2023,12,4,2023-Q4,2023-12,Azerbaijan,All Providers Combined,Fixed,median,35.25,35.17,10.2277,5.6625,NA,Dec-23,1,NA,0
2024-01-01T00:00:00Z,2024,1,1,2024-Q1,2024-01,Azerbaijan,All Providers Combined,Fixed,median,35.25,35.31,11,5.8875,NA,Jan-24,1,NA,0
2024-02-01T00:00:00Z,2024,2,1,2024-Q1,2024-02,Azerbaijan,All Providers Combined,Fixed,median,37.32,36.85,11,5.4263,NA,Feb-24,1,NA,0
2024-03-01T00:00:00Z,2024,3,1,2024-Q1,2024-03,Azerbaijan,All Providers Combined,Fixed,median,38.32,37.69,11.4123,5.7237,NA,Mar-24,1,NA,0
2024-04-01T00:00:00Z,2024,4,2,2024-Q2,2024-04,Azerbaijan,All Providers Combined,Fixed,median,39.24,39.54,10.3132,5.0955,NA,Apr-24,1,NA,0
2024-05-01T00:00:00Z,2024,5,2,2024-Q2,2024-05,Azerbaijan,All Providers Combined,Fixed,median,39.48,39.17,9.7778,4.7635,NA,May-24,1,NA,0
2024-06-01T00:00:00Z,2024,6,2,2024-Q2,2024-06,Azerbaijan,All Providers Combined,Fixed,median,40.21,40.11,8.9664,3.9465,NA,Jun-24,1,NA,0
2024-07-01T00:00:00Z,2024,7,3,2024-Q3,2024-07,Azerbaijan,All Providers Combined,Fixed,median,41.56,41.8,9.0926,3.9717,NA,Jul-24,1,NA,0
2024-08-01T00:00:00Z,2024,8,3,2024-Q3,2024-08,Azerbaijan,All Providers Combined,Fixed,median,49.9,48.97,8.9183,4.027,NA,Aug-24,1,NA,1
2024-09-01T00:00:00Z,2024,9,3,2024-Q3,2024-09,Azerbaijan,All Providers Combined,Fixed,median,58.35,58.2,8.95,4.1,NA,Sep-24,1,NA,1
2024-10-01T00:00:00Z,2024,10,4,2024-Q4,2024-10,Azerbaijan,All Providers Combined,Fixed,median,64.45,60.23,8.9326,3.7613,NA,Oct-24,1,NA,1
2024-11-01T00:00:00Z,2024,11,4,2024-Q4,2024-11,Azerbaijan,All Providers Combined,Fixed,median,65.84,68.59,9.1305,3.875,NA,Nov-24,1,NA,1
2024-12-01T00:00:00Z,2024,12,4,2024-Q4,2024-12,Azerbaijan,All Providers Combined,Fixed,median,66.47,68.51,8.8451,3.685,NA,Dec-24,1,NA,1
2025-01-01T00:00:00Z,2025,1,1,2025-Q1,2025-01,Azerbaijan,All Providers Combined,Fixed,median,68.62,69.53,9.1093,3.8841,NA,Jan-25,1,NA,1
2025-02-01T00:00:00Z,2025,2,1,2025-Q1,2025-02,Azerbaijan,All Providers Combined,Fixed,median,74.32,72.85,9.1229,3.575,NA,Feb-25,1,NA,1
2025-03-01T00:00:00Z,2025,3,1,2025-Q1,2025-03,Azerbaijan,All Providers Combined,Fixed,median,79.64,80.96,8.5156,3.4411,NA,Mar-25,1,NA,1
2025-04-01T00:00:00Z,2025,4,2,2025-Q2,2025-04,Azerbaijan,All Providers Combined,Fixed,median,78.34,78.9,8.3667,3.4789,NA,Apr-25,1,NA,1
2025-05-01T00:00:00Z,2025,5,2,2025-Q2,2025-05,Azerbaijan,All Providers Combined,Fixed,median,81.22,80.67,8.1503,3.0979,NA,May-25,1,NA,1
2025-06-01T00:00:00Z,2025,6,2,2025-Q2,2025-06,Azerbaijan,All Providers Combined,Fixed,median,84.26,83.33,8.3513,3.05,NA,Jun-25,1,NA,1
2025-07-01T00:00:00Z,2025,7,3,2025-Q3,2025-07,Azerbaijan,All Providers Combined,Fixed,median,84.64,84.24,8.4778,3.1336,NA,Jul-25,1,NA,1
2025-08-01T00:00:00Z,2025,8,3,2025-Q3,2025-08,Azerbaijan,All Providers Combined,Fixed,median,84.84,84.61,8.4706,3.1289,NA,Aug-25,1,NA,1
2025-09-01T00:00:00Z,2025,9,3,2025-Q3,2025-09,Azerbaijan,All Providers Combined,Fixed,median,84.8,85.27,8.2312,3.1278,NA,Sep-25,1,NA,1
