Provider,Location,Device,Aggregate Date,Technology Type,Metric Type,Multi-Server Latency,Multi-Server Jitter,Download Speed Mbps,Upload Speed Mbps
All Providers Combined,Azerbaijan,,Apr-19,cellular,median,,,20.85,8.5
All Providers Combined,Azerbaijan,,Apr-19,cellular,mean,,,29.17,13.89
All Providers Combined,Armenia,,Apr-19,cellular,median,,,15.81,7.01
All Providers Combined,Armenia,,Apr-19,cellular,mean,,,27.08,11.54
All Providers Combined,Belarus,,Apr-19,cellular,median,,,7.87,4.61
All Providers Combined,Belarus,,Apr-19,cellular,mean,,,11.64,8.82
All Providers Combined,Kazakhstan,,Apr-19,cellular,median,,,12.98,9.1
All Providers Combined,Kazakhstan,,Apr-19,cellular,mean,,,19.19,12
All Providers Combined,Kyrgyzstan,,Apr-19,cellular,median,,,10.47,6.62
All Providers Combined,Kyrgyzstan,,Apr-19,cellular,mean,,,14.11,9.63
All Providers Combined,Russia,,Apr-19,cellular,median,,,13.06,6.71
All Providers Combined,Russia,,Apr-19,cellular,mean,,,20.14,9.53
All Providers Combined,Tajikistan,,Apr-19,cellular,median,,,5.68,2.01
All Providers Combined,Tajikistan,,Apr-19,cellular,mean,,,10.45,4.76
All Providers Combined,Uzbekistan,,Apr-19,cellular,median,,,7.03,3.22
All Providers Combined,Uzbekistan,,Apr-19,cellular,mean,,,9.8,5.52
All Providers Combined,Azerbaijan,,May-19,cellular,median,,,21.8,8.65
All Providers Combined,Azerbaijan,,May-19,cellular,mean,,,29.49,13.76
All Providers Combined,Armenia,,May-19,cellular,median,,,18.8,7.93
All Providers Combined,Armenia,,May-19,cellular,mean,,,29.04,12.58
All Providers Combined,Belarus,,May-19,cellular,median,,,7.89,4.35
All Providers Combined,Belarus,,May-19,cellular,mean,,,11.9,8.73
All Providers Combined,Kazakhstan,,May-19,cellular,median,,,14.67,9.58
All Providers Combined,Kazakhstan,,May-19,cellular,mean,,,20.74,12.21
All Providers Combined,Kyrgyzstan,,May-19,cellular,median,,,12.41,7.07
All Providers Combined,Kyrgyzstan,,May-19,cellular,mean,,,16.19,10
All Providers Combined,Russia,,May-19,cellular,median,,,13.06,6.45
All Providers Combined,Russia,,May-19,cellular,mean,,,20.12,9.29
All Providers Combined,Tajikistan,,May-19,cellular,median,,,6.41,2.06
All Providers Combined,Tajikistan,,May-19,cellular,mean,,,12.3,5.07
All Providers Combined,Uzbekistan,,May-19,cellular,median,,,7.12,3.29
All Providers Combined,Uzbekistan,,May-19,cellular,mean,,,9.77,5.49
All Providers Combined,Azerbaijan,,Jun-19,cellular,median,,,21.94,9.01
All Providers Combined,Azerbaijan,,Jun-19,cellular,mean,,,29.96,13.94
All Providers Combined,Armenia,,Jun-19,cellular,median,,,19.29,8.8
All Providers Combined,Armenia,,Jun-19,cellular,mean,,,29.87,13.03
All Providers Combined,Belarus,,Jun-19,cellular,median,,,8.9,4.22
All Providers Combined,Belarus,,Jun-19,cellular,mean,,,14.07,8.79
All Providers Combined,Kazakhstan,,Jun-19,cellular,median,,,14.28,9.4
All Providers Combined,Kazakhstan,,Jun-19,cellular,mean,,,20.17,12.13
All Providers Combined,Kyrgyzstan,,Jun-19,cellular,median,,,13.03,7.48
All Providers Combined,Kyrgyzstan,,Jun-19,cellular,mean,,,16.83,10.42
All Providers Combined,Russia,,Jun-19,cellular,median,,,13.8,6.67
All Providers Combined,Russia,,Jun-19,cellular,mean,,,21.04,9.63
All Providers Combined,Tajikistan,,Jun-19,cellular,median,,,5.2,1.77
All Providers Combined,Tajikistan,,Jun-19,cellular,mean,,,10.34,4.88
All Providers Combined,Uzbekistan,,Jun-19,cellular,median,,,6.41,3.26
All Providers Combined,Uzbekistan,,Jun-19,cellular,mean,,,9.63,5.54
All Providers Combined,Azerbaijan,,Jul-19,cellular,median,,,21.1,9.07
All Providers Combined,Azerbaijan,,Jul-19,cellular,mean,,,29.58,14.08
All Providers Combined,Armenia,,Jul-19,cellular,median,,,20.81,9.12
All Providers Combined,Armenia,,Jul-19,cellular,mean,,,30.84,13.21
All Providers Combined,Belarus,,Jul-19,cellular,median,,,8.97,4.22
All Providers Combined,Belarus,,Jul-19,cellular,mean,,,14.1,8.89
All Providers Combined,Kazakhstan,,Jul-19,cellular,median,,,13.74,9.39
All Providers Combined,Kazakhstan,,Jul-19,cellular,mean,,,19.85,12.18
All Providers Combined,Kyrgyzstan,,Jul-19,cellular,median,,,12.93,7.8
All Providers Combined,Kyrgyzstan,,Jul-19,cellular,mean,,,16.65,10.65
All Providers Combined,Russia,,Jul-19,cellular,median,,,13.25,6.6
All Providers Combined,Russia,,Jul-19,cellular,mean,,,20.47,9.49
All Providers Combined,Tajikistan,,Jul-19,cellular,median,,,5.85,2.42
All Providers Combined,Tajikistan,,Jul-19,cellular,mean,,,10.61,5.24
All Providers Combined,Uzbekistan,,Jul-19,cellular,median,,,6.66,3.13
All Providers Combined,Uzbekistan,,Jul-19,cellular,mean,,,9.77,5.59
All Providers Combined,Azerbaijan,,Aug-19,cellular,median,,,22.24,9.62
All Providers Combined,Azerbaijan,,Aug-19,cellular,mean,,,30.52,14.45
All Providers Combined,Armenia,,Aug-19,cellular,median,,,21.55,10.11
All Providers Combined,Armenia,,Aug-19,cellular,mean,,,30.39,13.47
All Providers Combined,Belarus,,Aug-19,cellular,median,,,8.99,4.29
All Providers Combined,Belarus,,Aug-19,cellular,mean,,,14.19,9.03
All Providers Combined,Kazakhstan,,Aug-19,cellular,median,,,13.57,9.5
All Providers Combined,Kazakhstan,,Aug-19,cellular,mean,,,19.69,12.26
All Providers Combined,Kyrgyzstan,,Aug-19,cellular,median,,,12.62,7.62
All Providers Combined,Kyrgyzstan,,Aug-19,cellular,mean,,,17.26,10.81
All Providers Combined,Russia,,Aug-19,cellular,median,,,13.3,6.73
All Providers Combined,Russia,,Aug-19,cellular,mean,,,20.53,9.64
All Providers Combined,Tajikistan,,Aug-19,cellular,median,,,5.39,2.36
All Providers Combined,Tajikistan,,Aug-19,cellular,mean,,,9.8,5.53
All Providers Combined,Uzbekistan,,Aug-19,cellular,median,,,6.15,3.3
All Providers Combined,Uzbekistan,,Aug-19,cellular,mean,,,9.38,5.61
All Providers Combined,Azerbaijan,,Sep-19,cellular,median,,,23.81,10.55
All Providers Combined,Azerbaijan,,Sep-19,cellular,mean,,,31.81,15.44
All Providers Combined,Armenia,,Sep-19,cellular,median,,,22.2,10.66
All Providers Combined,Armenia,,Sep-19,cellular,mean,,,31.01,13.85
All Providers Combined,Belarus,,Sep-19,cellular,median,,,7.89,4.48
All Providers Combined,Belarus,,Sep-19,cellular,mean,,,12.59,9.06
All Providers Combined,Kazakhstan,,Sep-19,cellular,median,,,12.62,9.49
All Providers Combined,Kazakhstan,,Sep-19,cellular,mean,,,19.03,12.19
All Providers Combined,Kyrgyzstan,,Sep-19,cellular,median,,,13.31,8.57
All Providers Combined,Kyrgyzstan,,Sep-19,cellular,mean,,,17.3,11.22
All Providers Combined,Russia,,Sep-19,cellular,median,,,13.54,7.28
All Providers Combined,Russia,,Sep-19,cellular,mean,,,20.99,10.21
All Providers Combined,Tajikistan,,Sep-19,cellular,median,,,5.5,2.59
All Providers Combined,Tajikistan,,Sep-19,cellular,mean,,,8.9,5.23
All Providers Combined,Uzbekistan,,Sep-19,cellular,median,,,6.44,3.46
All Providers Combined,Uzbekistan,,Sep-19,cellular,mean,,,10.79,5.71
All Providers Combined,Azerbaijan,,Oct-19,cellular,median,,,22.98,11.17
All Providers Combined,Azerbaijan,,Oct-19,cellular,mean,,,28.93,15.8
All Providers Combined,Armenia,,Oct-19,cellular,median,,,21.52,10.68
All Providers Combined,Armenia,,Oct-19,cellular,mean,,,30.86,13.91
All Providers Combined,Belarus,,Oct-19,cellular,median,,,8.36,4.8
All Providers Combined,Belarus,,Oct-19,cellular,mean,,,13.28,9.68
All Providers Combined,Kazakhstan,,Oct-19,cellular,median,,,12.04,9.43
All Providers Combined,Kazakhstan,,Oct-19,cellular,mean,,,18.61,12.19
All Providers Combined,Kyrgyzstan,,Oct-19,cellular,median,,,13,8.93
All Providers Combined,Kyrgyzstan,,Oct-19,cellular,mean,,,16.77,11.66
All Providers Combined,Russia,,Oct-19,cellular,median,,,13.05,7.41
All Providers Combined,Russia,,Oct-19,cellular,mean,,,20.41,10.3
All Providers Combined,Tajikistan,,Oct-19,cellular,median,,,6.43,2.94
All Providers Combined,Tajikistan,,Oct-19,cellular,mean,,,10.81,5.69
All Providers Combined,Uzbekistan,,Oct-19,cellular,median,,,6.2,3.63
All Providers Combined,Uzbekistan,,Oct-19,cellular,mean,,,9.48,5.73
All Providers Combined,Azerbaijan,,Nov-19,cellular,median,,,23.97,10.96
All Providers Combined,Azerbaijan,,Nov-19,cellular,mean,,,30.26,16.11
All Providers Combined,Armenia,,Nov-19,cellular,median,,,20.74,9.89
All Providers Combined,Armenia,,Nov-19,cellular,mean,,,29.76,13.3
All Providers Combined,Belarus,,Nov-19,cellular,median,,,9.13,4.83
All Providers Combined,Belarus,,Nov-19,cellular,mean,,,14.84,9.89
All Providers Combined,Kazakhstan,,Nov-19,cellular,median,,,12,9.48
All Providers Combined,Kazakhstan,,Nov-19,cellular,mean,,,18.76,12.19
All Providers Combined,Kyrgyzstan,,Nov-19,cellular,median,,,11.17,7.83
All Providers Combined,Kyrgyzstan,,Nov-19,cellular,mean,,,15.69,10.96
All Providers Combined,Russia,,Nov-19,cellular,median,,,13.05,7.56
All Providers Combined,Russia,,Nov-19,cellular,mean,,,20.38,10.45
All Providers Combined,Tajikistan,,Nov-19,cellular,median,,,5.84,2.58
All Providers Combined,Tajikistan,,Nov-19,cellular,mean,,,9.82,5.53
All Providers Combined,Uzbekistan,,Nov-19,cellular,median,,,6.09,3.53
All Providers Combined,Uzbekistan,,Nov-19,cellular,mean,,,9.41,5.66
All Providers Combined,Azerbaijan,,Dec-19,cellular,median,,,25.25,11.08
All Providers Combined,Azerbaijan,,Dec-19,cellular,mean,,,32.66,16.2
All Providers Combined,Armenia,,Dec-19,cellular,median,,,20.64,9.92
All Providers Combined,Armenia,,Dec-19,cellular,mean,,,30.27,13.24
All Providers Combined,Belarus,,Dec-19,cellular,median,,,10.06,5.19
All Providers Combined,Belarus,,Dec-19,cellular,mean,,,15.67,9.58
All Providers Combined,Kazakhstan,,Dec-19,cellular,median,,,12.48,9.39
All Providers Combined,Kazakhstan,,Dec-19,cellular,mean,,,19.59,12.12
All Providers Combined,Kyrgyzstan,,Dec-19,cellular,median,,,11.38,7.15
All Providers Combined,Kyrgyzstan,,Dec-19,cellular,mean,,,16.17,10.07
All Providers Combined,Russia,,Dec-19,cellular,median,,,13.36,7.68
All Providers Combined,Russia,,Dec-19,cellular,mean,,,20.58,10.55
All Providers Combined,Tajikistan,,Dec-19,cellular,median,,,6.11,3.47
All Providers Combined,Tajikistan,,Dec-19,cellular,mean,,,10.3,6.19
All Providers Combined,Uzbekistan,,Dec-19,cellular,median,,,6.17,3.47
All Providers Combined,Uzbekistan,,Dec-19,cellular,mean,,,9.51,5.73
All Providers Combined,Azerbaijan,,Jan-20,cellular,median,,,22.12,9.05
All Providers Combined,Azerbaijan,,Jan-20,cellular,mean,,,27.8,14.73
All Providers Combined,Armenia,,Jan-20,cellular,median,,,20.22,8.71
All Providers Combined,Armenia,,Jan-20,cellular,mean,,,29.49,12.51
All Providers Combined,Belarus,,Jan-20,cellular,median,,,10.38,5.42
All Providers Combined,Belarus,,Jan-20,cellular,mean,,,16.37,9.89
All Providers Combined,Kazakhstan,,Jan-20,cellular,median,,,11.89,7.09
All Providers Combined,Kazakhstan,,Jan-20,cellular,mean,,,18.91,10.21
All Providers Combined,Kyrgyzstan,,Jan-20,cellular,median,,,11.16,5.97
All Providers Combined,Kyrgyzstan,,Jan-20,cellular,mean,,,15.27,9.29
All Providers Combined,Russia,,Jan-20,cellular,median,,,13.23,6.77
All Providers Combined,Russia,,Jan-20,cellular,mean,,,20.58,9.85
All Providers Combined,Tajikistan,,Jan-20,cellular,median,,,5.18,2.23
All Providers Combined,Tajikistan,,Jan-20,cellular,mean,,,9.02,5.12
All Providers Combined,Uzbekistan,,Jan-20,cellular,median,,,6.16,3.27
All Providers Combined,Uzbekistan,,Jan-20,cellular,mean,,,9.3,5.54
All Providers Combined,Azerbaijan,,Feb-20,cellular,median,,,22.1,9.11
All Providers Combined,Azerbaijan,,Feb-20,cellular,mean,,,27.5,14.82
All Providers Combined,Armenia,,Feb-20,cellular,median,,,20.63,8.46
All Providers Combined,Armenia,,Feb-20,cellular,mean,,,29.03,12.07
All Providers Combined,Belarus,,Feb-20,cellular,median,,,9.93,5.21
All Providers Combined,Belarus,,Feb-20,cellular,mean,,,15.57,9.71
All Providers Combined,Kazakhstan,,Feb-20,cellular,median,,,11.85,6.78
All Providers Combined,Kazakhstan,,Feb-20,cellular,mean,,,18.52,9.85
All Providers Combined,Kyrgyzstan,,Feb-20,cellular,median,,,12.96,7.21
All Providers Combined,Kyrgyzstan,,Feb-20,cellular,mean,,,17.29,10.16
All Providers Combined,Russia,,Feb-20,cellular,median,,,13.07,6.87
All Providers Combined,Russia,,Feb-20,cellular,mean,,,20.43,9.97
All Providers Combined,Tajikistan,,Feb-20,cellular,median,,,5.28,2.49
All Providers Combined,Tajikistan,,Feb-20,cellular,mean,,,10.8,5.57
All Providers Combined,Uzbekistan,,Feb-20,cellular,median,,,6.88,3.57
All Providers Combined,Uzbekistan,,Feb-20,cellular,mean,,,10.09,5.8
All Providers Combined,Azerbaijan,,Mar-20,cellular,median,,,21.11,8.16
All Providers Combined,Azerbaijan,,Mar-20,cellular,mean,,,27.05,14.08
All Providers Combined,Armenia,,Mar-20,cellular,median,,,20.4,8.58
All Providers Combined,Armenia,,Mar-20,cellular,mean,,,29.32,12.37
All Providers Combined,Belarus,,Mar-20,cellular,median,,,8.96,4.99
All Providers Combined,Belarus,,Mar-20,cellular,mean,,,14.49,9.54
All Providers Combined,Kazakhstan,,Mar-20,cellular,median,,,10.83,6.06
All Providers Combined,Kazakhstan,,Mar-20,cellular,mean,,,17.69,9.33
All Providers Combined,Kyrgyzstan,,Mar-20,cellular,median,,,11.72,6.36
All Providers Combined,Kyrgyzstan,,Mar-20,cellular,mean,,,16.52,9.62
All Providers Combined,Russia,,Mar-20,cellular,median,,,12.89,6.64
All Providers Combined,Russia,,Mar-20,cellular,mean,,,20.16,9.71
All Providers Combined,Tajikistan,,Mar-20,cellular,median,,,5.48,2.26
All Providers Combined,Tajikistan,,Mar-20,cellular,mean,,,10.77,5.06
All Providers Combined,Uzbekistan,,Mar-20,cellular,median,,,6.88,3.44
All Providers Combined,Uzbekistan,,Mar-20,cellular,mean,,,10.07,5.82
All Providers Combined,Azerbaijan,,Apr-20,cellular,median,,,22.05,7.21
All Providers Combined,Azerbaijan,,Apr-20,cellular,mean,,,27.53,13.35
All Providers Combined,Armenia,,Apr-20,cellular,median,,,23.11,8.71
All Providers Combined,Armenia,,Apr-20,cellular,mean,,,33.23,12.95
All Providers Combined,Belarus,,Apr-20,cellular,median,,,8.63,4.21
All Providers Combined,Belarus,,Apr-20,cellular,mean,,,14.73,8.79
All Providers Combined,Kazakhstan,,Apr-20,cellular,median,,,10.01,5.21
All Providers Combined,Kazakhstan,,Apr-20,cellular,mean,,,17.45,8.66
All Providers Combined,Kyrgyzstan,,Apr-20,cellular,median,,,11.61,4.83
All Providers Combined,Kyrgyzstan,,Apr-20,cellular,mean,,,16.8,8.17
All Providers Combined,Russia,,Apr-20,cellular,median,,,12.06,5.86
All Providers Combined,Russia,,Apr-20,cellular,mean,,,19.28,8.99
All Providers Combined,Tajikistan,,Apr-20,cellular,median,,,5.22,2.06
All Providers Combined,Tajikistan,,Apr-20,cellular,mean,,,10.38,4.69
All Providers Combined,Uzbekistan,,Apr-20,cellular,median,,,6.55,2.86
All Providers Combined,Uzbekistan,,Apr-20,cellular,mean,,,9.68,5.36
All Providers Combined,Azerbaijan,,May-20,cellular,median,,,23.89,7.43
All Providers Combined,Azerbaijan,,May-20,cellular,mean,,,29.76,13.88
All Providers Combined,Armenia,,May-20,cellular,median,,,24.84,9.53
All Providers Combined,Armenia,,May-20,cellular,mean,,,34.72,13.28
All Providers Combined,Belarus,,May-20,cellular,median,,,8.79,4.21
All Providers Combined,Belarus,,May-20,cellular,mean,,,15.14,8.71
All Providers Combined,Kazakhstan,,May-20,cellular,median,,,13.59,6.25
All Providers Combined,Kazakhstan,,May-20,cellular,mean,,,20.95,9.73
All Providers Combined,Kyrgyzstan,,May-20,cellular,median,,,13.58,5.3
All Providers Combined,Kyrgyzstan,,May-20,cellular,mean,,,18.21,8.71
All Providers Combined,Russia,,May-20,cellular,median,,,12.8,5.72
All Providers Combined,Russia,,May-20,cellular,mean,,,20.29,8.9
All Providers Combined,Tajikistan,,May-20,cellular,median,,,4.74,1.84
All Providers Combined,Tajikistan,,May-20,cellular,mean,,,10.11,4.63
All Providers Combined,Uzbekistan,,May-20,cellular,median,,,8.18,3.96
All Providers Combined,Uzbekistan,,May-20,cellular,mean,,,11.26,6.35
All Providers Combined,Azerbaijan,,Jun-20,cellular,median,,,25.18,8.02
All Providers Combined,Azerbaijan,,Jun-20,cellular,mean,,,30.99,13.79
All Providers Combined,Armenia,,Jun-20,cellular,median,,,23.49,8.82
All Providers Combined,Armenia,,Jun-20,cellular,mean,,,34.04,13.21
All Providers Combined,Belarus,,Jun-20,cellular,median,,,8.5,3.92
All Providers Combined,Belarus,,Jun-20,cellular,mean,,,14.8,8.16
All Providers Combined,Kazakhstan,,Jun-20,cellular,median,,,13.88,6.35
All Providers Combined,Kazakhstan,,Jun-20,cellular,mean,,,21.25,9.81
All Providers Combined,Kyrgyzstan,,Jun-20,cellular,median,,,15.36,6.55
All Providers Combined,Kyrgyzstan,,Jun-20,cellular,mean,,,20.06,10.06
All Providers Combined,Russia,,Jun-20,cellular,median,,,14.24,6.01
All Providers Combined,Russia,,Jun-20,cellular,mean,,,22.06,9.2
All Providers Combined,Tajikistan,,Jun-20,cellular,median,,,7.08,2.99
All Providers Combined,Tajikistan,,Jun-20,cellular,mean,,,12.62,5.94
All Providers Combined,Uzbekistan,,Jun-20,cellular,median,,,8.77,4.37
All Providers Combined,Uzbekistan,,Jun-20,cellular,mean,,,11.78,6.85
All Providers Combined,Azerbaijan,,Jul-20,cellular,median,,,25.12,7.67
All Providers Combined,Azerbaijan,,Jul-20,cellular,mean,,,31.23,13.72
All Providers Combined,Armenia,,Jul-20,cellular,median,,,23.01,8.96
All Providers Combined,Armenia,,Jul-20,cellular,mean,,,33.61,13.16
All Providers Combined,Belarus,,Jul-20,cellular,median,,,8.61,3.82
All Providers Combined,Belarus,,Jul-20,cellular,mean,,,15.29,8.04
All Providers Combined,Kazakhstan,,Jul-20,cellular,median,,,12.27,5.65
All Providers Combined,Kazakhstan,,Jul-20,cellular,mean,,,19.67,9.09
All Providers Combined,Kyrgyzstan,,Jul-20,cellular,median,,,13.61,5.38
All Providers Combined,Kyrgyzstan,,Jul-20,cellular,mean,,,18.87,8.96
All Providers Combined,Russia,,Jul-20,cellular,median,,,14.56,6.19
All Providers Combined,Russia,,Jul-20,cellular,mean,,,22.66,9.44
All Providers Combined,Tajikistan,,Jul-20,cellular,median,,,6.34,2.18
All Providers Combined,Tajikistan,,Jul-20,cellular,mean,,,12.69,5.34
All Providers Combined,Uzbekistan,,Jul-20,cellular,median,,,8.66,4.2
All Providers Combined,Uzbekistan,,Jul-20,cellular,mean,,,11.99,6.65
All Providers Combined,Azerbaijan,,Aug-20,cellular,median,,,26.67,8.89
All Providers Combined,Azerbaijan,,Aug-20,cellular,mean,,,32.99,14.85
All Providers Combined,Armenia,,Aug-20,cellular,median,,,25.23,10.1
All Providers Combined,Armenia,,Aug-20,cellular,mean,,,36.04,14
All Providers Combined,Belarus,,Aug-20,cellular,median,,,8.84,4.1
All Providers Combined,Belarus,,Aug-20,cellular,mean,,,15.91,8.47
All Providers Combined,Kazakhstan,,Aug-20,cellular,median,,,12.9,6.08
All Providers Combined,Kazakhstan,,Aug-20,cellular,mean,,,20.45,9.43
All Providers Combined,Kyrgyzstan,,Aug-20,cellular,median,,,14.87,6.01
All Providers Combined,Kyrgyzstan,,Aug-20,cellular,mean,,,19.95,9.53
All Providers Combined,Russia,,Aug-20,cellular,median,,,14.6,6.5
All Providers Combined,Russia,,Aug-20,cellular,mean,,,22.83,9.68
All Providers Combined,Tajikistan,,Aug-20,cellular,median,,,6.56,2.8
All Providers Combined,Tajikistan,,Aug-20,cellular,mean,,,12.15,5.79
All Providers Combined,Uzbekistan,,Aug-20,cellular,median,,,9.28,4.55
All Providers Combined,Uzbekistan,,Aug-20,cellular,mean,,,12.74,7.03
All Providers Combined,Azerbaijan,,Sep-20,cellular,median,,,29.26,10.8
All Providers Combined,Azerbaijan,,Sep-20,cellular,mean,,,35.11,16.07
All Providers Combined,Armenia,,Sep-20,cellular,median,,,16.81,6.43
All Providers Combined,Armenia,,Sep-20,cellular,mean,,,28.25,11.2
All Providers Combined,Belarus,,Sep-20,cellular,median,,,8.44,4.46
All Providers Combined,Belarus,,Sep-20,cellular,mean,,,14.23,9.27
All Providers Combined,Kazakhstan,,Sep-20,cellular,median,,,12.82,6.2
All Providers Combined,Kazakhstan,,Sep-20,cellular,mean,,,19.97,9.69
All Providers Combined,Kyrgyzstan,,Sep-20,cellular,median,,,15.06,6.6
All Providers Combined,Kyrgyzstan,,Sep-20,cellular,mean,,,19.82,9.85
All Providers Combined,Russia,,Sep-20,cellular,median,,,15.03,6.81
All Providers Combined,Russia,,Sep-20,cellular,mean,,,23.22,9.92
All Providers Combined,Tajikistan,,Sep-20,cellular,median,,,6.44,3.18
All Providers Combined,Tajikistan,,Sep-20,cellular,mean,,,13.08,5.8
All Providers Combined,Uzbekistan,,Sep-20,cellular,median,,,10.09,5.87
All Providers Combined,Uzbekistan,,Sep-20,cellular,mean,,,13.54,8.08
All Providers Combined,Azerbaijan,,Oct-20,cellular,median,,,25.09,9.48
All Providers Combined,Azerbaijan,,Oct-20,cellular,mean,,,31.45,14.58
All Providers Combined,Armenia,,Oct-20,cellular,median,,,19,7.48
All Providers Combined,Armenia,,Oct-20,cellular,mean,,,29.97,12.17
All Providers Combined,Belarus,,Oct-20,cellular,median,,,8.4,4.33
All Providers Combined,Belarus,,Oct-20,cellular,mean,,,14.64,9.24
All Providers Combined,Kazakhstan,,Oct-20,cellular,median,,,12.17,6.14
All Providers Combined,Kazakhstan,,Oct-20,cellular,mean,,,19.28,9.64
All Providers Combined,Kyrgyzstan,,Oct-20,cellular,median,,,14.05,6.35
All Providers Combined,Kyrgyzstan,,Oct-20,cellular,mean,,,19.24,9.78
All Providers Combined,Russia,,Oct-20,cellular,median,,,14.53,6.86
All Providers Combined,Russia,,Oct-20,cellular,mean,,,22.82,10
All Providers Combined,Tajikistan,,Oct-20,cellular,median,,,5.66,2.26
All Providers Combined,Tajikistan,,Oct-20,cellular,mean,,,11.46,4.96
All Providers Combined,Uzbekistan,,Oct-20,cellular,median,,,8.47,5.4
All Providers Combined,Uzbekistan,,Oct-20,cellular,mean,,,12.14,7.75
All Providers Combined,Azerbaijan,,Nov-20,cellular,median,,,25.23,10.25
All Providers Combined,Azerbaijan,,Nov-20,cellular,mean,,,31.45,15.86
All Providers Combined,Armenia,,Nov-20,cellular,median,,,19.11,7.19
All Providers Combined,Armenia,,Nov-20,cellular,mean,,,30.75,11.6
All Providers Combined,Belarus,,Nov-20,cellular,median,,,8.92,4.68
All Providers Combined,Belarus,,Nov-20,cellular,mean,,,15.24,9.59
All Providers Combined,Kazakhstan,,Nov-20,cellular,median,,,11.18,6.11
All Providers Combined,Kazakhstan,,Nov-20,cellular,mean,,,18.85,9.56
All Providers Combined,Kyrgyzstan,,Nov-20,cellular,median,,,15.4,7.29
All Providers Combined,Kyrgyzstan,,Nov-20,cellular,mean,,,20.83,10.41
All Providers Combined,Russia,,Nov-20,cellular,median,,,14.74,6.99
All Providers Combined,Russia,,Nov-20,cellular,mean,,,23.4,10.15
All Providers Combined,Tajikistan,,Nov-20,cellular,median,,,6.23,2.83
All Providers Combined,Tajikistan,,Nov-20,cellular,mean,,,13.21,5.82
All Providers Combined,Uzbekistan,,Nov-20,cellular,median,,,8.8,5.32
All Providers Combined,Uzbekistan,,Nov-20,cellular,mean,,,12.51,7.83
All Providers Combined,Azerbaijan,,Dec-20,cellular,median,,,25.43,8.95
All Providers Combined,Azerbaijan,,Dec-20,cellular,mean,,,31.44,15.02
All Providers Combined,Armenia,,Dec-20,cellular,median,,,21.09,7.83
All Providers Combined,Armenia,,Dec-20,cellular,mean,,,32.36,12.21
All Providers Combined,Belarus,,Dec-20,cellular,median,,,9.85,4.64
All Providers Combined,Belarus,,Dec-20,cellular,mean,,,16.62,9.39
All Providers Combined,Kazakhstan,,Dec-20,cellular,median,,,11.82,6.25
All Providers Combined,Kazakhstan,,Dec-20,cellular,mean,,,19.52,9.85
All Providers Combined,Kyrgyzstan,,Dec-20,cellular,median,,,15.35,7.67
All Providers Combined,Kyrgyzstan,,Dec-20,cellular,mean,,,20.75,10.77
All Providers Combined,Russia,,Dec-20,cellular,median,,,15.48,7.22
All Providers Combined,Russia,,Dec-20,cellular,mean,,,24.24,10.41
All Providers Combined,Tajikistan,,Dec-20,cellular,median,,,6.65,3.49
All Providers Combined,Tajikistan,,Dec-20,cellular,mean,,,14.66,6.14
All Providers Combined,Uzbekistan,,Dec-20,cellular,median,,,8.65,4.86
All Providers Combined,Uzbekistan,,Dec-20,cellular,mean,,,12.66,7.4
All Providers Combined,Azerbaijan,,Jan-21,cellular,median,,,26.26,8.79
All Providers Combined,Azerbaijan,,Jan-21,cellular,mean,,,32.78,14.84
All Providers Combined,Armenia,,Jan-21,cellular,median,,,21.14,7.94
All Providers Combined,Armenia,,Jan-21,cellular,mean,,,32.91,12.41
All Providers Combined,Belarus,,Jan-21,cellular,median,,,10.07,4.43
All Providers Combined,Belarus,,Jan-21,cellular,mean,,,17.3,9.26
All Providers Combined,Kazakhstan,,Jan-21,cellular,median,,,12.16,6.31
All Providers Combined,Kazakhstan,,Jan-21,cellular,mean,,,20.15,10.04
All Providers Combined,Kyrgyzstan,,Jan-21,cellular,median,,,16.15,7.83
All Providers Combined,Kyrgyzstan,,Jan-21,cellular,mean,,,21.05,10.92
All Providers Combined,Russia,,Jan-21,cellular,median,,,15.15,6.92
All Providers Combined,Russia,,Jan-21,cellular,mean,,,23.91,10.18
All Providers Combined,Tajikistan,,Jan-21,cellular,median,,,5.56,2.39
All Providers Combined,Tajikistan,,Jan-21,cellular,mean,,,12.49,4.98
All Providers Combined,Uzbekistan,,Jan-21,cellular,median,,,8.79,4.97
All Providers Combined,Uzbekistan,,Jan-21,cellular,mean,,,12.94,7.64
All Providers Combined,Azerbaijan,,Feb-21,cellular,median,,,28.72,9.97
All Providers Combined,Azerbaijan,,Feb-21,cellular,mean,,,35.19,15.9
All Providers Combined,Armenia,,Feb-21,cellular,median,,,21.86,7.52
All Providers Combined,Armenia,,Feb-21,cellular,mean,,,32.5,11.97
All Providers Combined,Belarus,,Feb-21,cellular,median,,,9.64,4.66
All Providers Combined,Belarus,,Feb-21,cellular,mean,,,16.83,9.46
All Providers Combined,Kazakhstan,,Feb-21,cellular,median,,,12.02,6.41
All Providers Combined,Kazakhstan,,Feb-21,cellular,mean,,,19.95,10.05
All Providers Combined,Kyrgyzstan,,Feb-21,cellular,median,,,15.86,8.04
All Providers Combined,Kyrgyzstan,,Feb-21,cellular,mean,,,21.02,11.37
All Providers Combined,Russia,,Feb-21,cellular,median,,,14.83,7.04
All Providers Combined,Russia,,Feb-21,cellular,mean,,,23.62,10.28
All Providers Combined,Tajikistan,,Feb-21,cellular,median,,,5.6,2.4
All Providers Combined,Tajikistan,,Feb-21,cellular,mean,,,12.59,5.2
All Providers Combined,Uzbekistan,,Feb-21,cellular,median,,,9.51,5.51
All Providers Combined,Uzbekistan,,Feb-21,cellular,mean,,,13.88,8.16
All Providers Combined,Azerbaijan,,Mar-21,cellular,median,,,28.43,8.92
All Providers Combined,Azerbaijan,,Mar-21,cellular,mean,,,35.5,15.1
All Providers Combined,Armenia,,Mar-21,cellular,median,,,16.75,5.29
All Providers Combined,Armenia,,Mar-21,cellular,mean,,,28.06,10.5
All Providers Combined,Belarus,,Mar-21,cellular,median,,,9.52,4.34
All Providers Combined,Belarus,,Mar-21,cellular,mean,,,16.45,9.17
All Providers Combined,Kazakhstan,,Mar-21,cellular,median,,,13.53,7.09
All Providers Combined,Kazakhstan,,Mar-21,cellular,mean,,,22.05,10.7
All Providers Combined,Kyrgyzstan,,Mar-21,cellular,median,,,14.97,7.37
All Providers Combined,Kyrgyzstan,,Mar-21,cellular,mean,,,20.6,11.14
All Providers Combined,Russia,,Mar-21,cellular,median,,,15,7.02
All Providers Combined,Russia,,Mar-21,cellular,mean,,,24.14,10.3
All Providers Combined,Tajikistan,,Mar-21,cellular,median,,,5.72,2.6
All Providers Combined,Tajikistan,,Mar-21,cellular,mean,,,12.79,5.31
All Providers Combined,Uzbekistan,,Mar-21,cellular,median,,,10.22,5.45
All Providers Combined,Uzbekistan,,Mar-21,cellular,mean,,,14.44,8.15
All Providers Combined,Azerbaijan,,Apr-21,cellular,median,,,30.97,9.47
All Providers Combined,Azerbaijan,,Apr-21,cellular,mean,,,38.05,15.75
All Providers Combined,Armenia,,Apr-21,cellular,median,,,17.03,4.66
All Providers Combined,Armenia,,Apr-21,cellular,mean,,,29.38,9.6
All Providers Combined,Belarus,,Apr-21,cellular,median,,,9.92,4.24
All Providers Combined,Belarus,,Apr-21,cellular,mean,,,17.84,9.02
All Providers Combined,Kazakhstan,,Apr-21,cellular,median,,,16.59,7.81
All Providers Combined,Kazakhstan,,Apr-21,cellular,mean,,,27.01,11.67
All Providers Combined,Kyrgyzstan,,Apr-21,cellular,median,,,17.55,8.1
All Providers Combined,Kyrgyzstan,,Apr-21,cellular,mean,,,24.51,11.8
All Providers Combined,Russia,,Apr-21,cellular,median,,,16.52,7.02
All Providers Combined,Russia,,Apr-21,cellular,mean,,,26.86,10.4
All Providers Combined,Tajikistan,,Apr-21,cellular,median,,,6.25,2.8
All Providers Combined,Tajikistan,,Apr-21,cellular,mean,,,13.74,5.34
All Providers Combined,Uzbekistan,,Apr-21,cellular,median,,,12.12,5.82
All Providers Combined,Uzbekistan,,Apr-21,cellular,mean,,,17.26,8.68
All Providers Combined,Azerbaijan,,May-21,cellular,median,,,27.5,7.33
All Providers Combined,Azerbaijan,,May-21,cellular,mean,,,36.34,14.35
All Providers Combined,Armenia,,May-21,cellular,median,,,17.61,4.88
All Providers Combined,Armenia,,May-21,cellular,mean,,,30.51,10.34
All Providers Combined,Belarus,,May-21,cellular,median,,,9.6,4.06
All Providers Combined,Belarus,,May-21,cellular,mean,,,17.84,8.48
All Providers Combined,Kazakhstan,,May-21,cellular,median,,,18.44,7.75
All Providers Combined,Kazakhstan,,May-21,cellular,mean,,,29.7,11.79
All Providers Combined,Kyrgyzstan,,May-21,cellular,median,,,17.1,7.55
All Providers Combined,Kyrgyzstan,,May-21,cellular,mean,,,24.19,11.65
All Providers Combined,Russia,,May-21,cellular,median,,,16.94,6.56
All Providers Combined,Russia,,May-21,cellular,mean,,,27.31,10.02
All Providers Combined,Tajikistan,,May-21,cellular,median,,,6.78,2.68
All Providers Combined,Tajikistan,,May-21,cellular,mean,,,14.79,5.86
All Providers Combined,Uzbekistan,,May-21,cellular,median,,,13.43,6.13
All Providers Combined,Uzbekistan,,May-21,cellular,mean,,,18.57,9.28
All Providers Combined,Azerbaijan,,Jun-21,cellular,median,,,29.27,8.35
All Providers Combined,Azerbaijan,,Jun-21,cellular,mean,,,37.11,14.97
All Providers Combined,Armenia,,Jun-21,cellular,median,,,19.92,5.64
All Providers Combined,Armenia,,Jun-21,cellular,mean,,,32.67,10.86
All Providers Combined,Belarus,,Jun-21,cellular,median,,,9.43,3.87
All Providers Combined,Belarus,,Jun-21,cellular,mean,,,17.83,7.99
All Providers Combined,Kazakhstan,,Jun-21,cellular,median,,,18.54,7.98
All Providers Combined,Kazakhstan,,Jun-21,cellular,mean,,,30.18,11.89
All Providers Combined,Kyrgyzstan,,Jun-21,cellular,median,,,18.3,7.58
All Providers Combined,Kyrgyzstan,,Jun-21,cellular,mean,,,25.68,11.71
All Providers Combined,Russia,,Jun-21,cellular,median,,,16.52,6.24
All Providers Combined,Russia,,Jun-21,cellular,mean,,,27.2,9.77
All Providers Combined,Tajikistan,,Jun-21,cellular,median,,,8.08,3.59
All Providers Combined,Tajikistan,,Jun-21,cellular,mean,,,16.78,6.45
All Providers Combined,Uzbekistan,,Jun-21,cellular,median,,,13.38,6.23
All Providers Combined,Uzbekistan,,Jun-21,cellular,mean,,,18.39,9.47
All Providers Combined,Azerbaijan,,Jul-21,cellular,median,,,27.46,7.98
All Providers Combined,Azerbaijan,,Jul-21,cellular,mean,,,37.24,14.59
All Providers Combined,Armenia,,Jul-21,cellular,median,,,20.98,5.91
All Providers Combined,Armenia,,Jul-21,cellular,mean,,,33.13,10.83
All Providers Combined,Belarus,,Jul-21,cellular,median,,,9.2,3.8
All Providers Combined,Belarus,,Jul-21,cellular,mean,,,18.33,8.24
All Providers Combined,Kazakhstan,,Jul-21,cellular,median,,,18.64,7.74
All Providers Combined,Kazakhstan,,Jul-21,cellular,mean,,,30.43,11.81
All Providers Combined,Kyrgyzstan,,Jul-21,cellular,median,,,17.9,7.58
All Providers Combined,Kyrgyzstan,,Jul-21,cellular,mean,,,24.92,11.49
All Providers Combined,Russia,,Jul-21,cellular,median,,,16.33,6.16
All Providers Combined,Russia,,Jul-21,cellular,mean,,,27.07,9.71
All Providers Combined,Tajikistan,,Jul-21,cellular,median,,,7.65,4.03
All Providers Combined,Tajikistan,,Jul-21,cellular,mean,,,15.16,7.3
All Providers Combined,Uzbekistan,,Jul-21,cellular,median,,,13.49,5.94
All Providers Combined,Uzbekistan,,Jul-21,cellular,mean,,,18.61,9.52
All Providers Combined,Azerbaijan,,Aug-21,cellular,median,,,29.93,8.06
All Providers Combined,Azerbaijan,,Aug-21,cellular,mean,,,39.25,14.83
All Providers Combined,Armenia,,Aug-21,cellular,median,,,20.97,6.34
All Providers Combined,Armenia,,Aug-21,cellular,mean,,,33.71,10.86
All Providers Combined,Belarus,,Aug-21,cellular,median,,,9.56,4.09
All Providers Combined,Belarus,,Aug-21,cellular,mean,,,18.66,8.77
All Providers Combined,Kazakhstan,,Aug-21,cellular,median,,,19.82,8.26
All Providers Combined,Kazakhstan,,Aug-21,cellular,mean,,,31.81,12.23
All Providers Combined,Kyrgyzstan,,Aug-21,cellular,median,,,17.16,7.76
All Providers Combined,Kyrgyzstan,,Aug-21,cellular,mean,,,24.95,11.85
All Providers Combined,Russia,,Aug-21,cellular,median,,,17.04,6.41
All Providers Combined,Russia,,Aug-21,cellular,mean,,,28.16,9.92
All Providers Combined,Tajikistan,,Aug-21,cellular,median,,,7.5,3.78
All Providers Combined,Tajikistan,,Aug-21,cellular,mean,,,15.7,7.22
All Providers Combined,Uzbekistan,,Aug-21,cellular,median,,,13.34,6.46
All Providers Combined,Uzbekistan,,Aug-21,cellular,mean,,,18.92,9.73
All Providers Combined,Azerbaijan,,Sep-21,cellular,median,,,31.4,9.04
All Providers Combined,Azerbaijan,,Sep-21,cellular,mean,,,40.69,15.39
All Providers Combined,Armenia,,Sep-21,cellular,median,,,23.98,7.24
All Providers Combined,Armenia,,Sep-21,cellular,mean,,,34.53,11.87
All Providers Combined,Belarus,,Sep-21,cellular,median,,,10.3,4.45
All Providers Combined,Belarus,,Sep-21,cellular,mean,,,19.41,9.38
All Providers Combined,Kazakhstan,,Sep-21,cellular,median,,,19.76,7.96
All Providers Combined,Kazakhstan,,Sep-21,cellular,mean,,,31.74,11.82
All Providers Combined,Kyrgyzstan,,Sep-21,cellular,median,,,18.05,8.71
All Providers Combined,Kyrgyzstan,,Sep-21,cellular,mean,,,24.71,12.28
All Providers Combined,Russia,,Sep-21,cellular,median,,,17.7,6.65
All Providers Combined,Russia,,Sep-21,cellular,mean,,,28.99,10
All Providers Combined,Tajikistan,,Sep-21,cellular,median,,,7.7,4.56
All Providers Combined,Tajikistan,,Sep-21,cellular,mean,,,16.15,8
All Providers Combined,Uzbekistan,,Sep-21,cellular,median,,,14.21,7.37
All Providers Combined,Uzbekistan,,Sep-21,cellular,mean,,,19.29,10.25
All Providers Combined,Azerbaijan,,Oct-21,cellular,median,,,29.61,8.67
All Providers Combined,Azerbaijan,,Oct-21,cellular,mean,,,38.71,15.13
All Providers Combined,Armenia,,Oct-21,cellular,median,,,25.51,7.18
All Providers Combined,Armenia,,Oct-21,cellular,mean,,,36.2,11.76
All Providers Combined,Belarus,,Oct-21,cellular,median,,,10.36,4.82
All Providers Combined,Belarus,,Oct-21,cellular,mean,,,19.86,9.82
All Providers Combined,Kazakhstan,,Oct-21,cellular,median,,,19.49,8.2
All Providers Combined,Kazakhstan,,Oct-21,cellular,mean,,,31.92,11.85
All Providers Combined,Kyrgyzstan,,Oct-21,cellular,median,,,17.92,8.33
All Providers Combined,Kyrgyzstan,,Oct-21,cellular,mean,,,25.57,12.24
All Providers Combined,Russia,,Oct-21,cellular,median,,,17.73,6.89
All Providers Combined,Russia,,Oct-21,cellular,mean,,,29.06,10.25
All Providers Combined,Tajikistan,,Oct-21,cellular,median,,,8.12,4.28
All Providers Combined,Tajikistan,,Oct-21,cellular,mean,,,15.04,7.4
All Providers Combined,Uzbekistan,,Oct-21,cellular,median,,,14.08,7.11
All Providers Combined,Uzbekistan,,Oct-21,cellular,mean,,,19.4,10.11
All Providers Combined,Azerbaijan,,Nov-21,cellular,median,,,28.23,8.24
All Providers Combined,Azerbaijan,,Nov-21,cellular,mean,,,38.56,14.76
All Providers Combined,Armenia,,Nov-21,cellular,median,,,24.27,7.19
All Providers Combined,Armenia,,Nov-21,cellular,mean,,,35.11,11.53
All Providers Combined,Belarus,,Nov-21,cellular,median,,,10.34,4.83
All Providers Combined,Belarus,,Nov-21,cellular,mean,,,19.65,9.8
All Providers Combined,Kazakhstan,,Nov-21,cellular,median,,,18.81,8.33
All Providers Combined,Kazakhstan,,Nov-21,cellular,mean,,,31.25,11.89
All Providers Combined,Kyrgyzstan,,Nov-21,cellular,median,,,16.08,9.06
All Providers Combined,Kyrgyzstan,,Nov-21,cellular,mean,,,23.69,12.74
All Providers Combined,Russia,,Nov-21,cellular,median,,,17.83,7.07
All Providers Combined,Russia,,Nov-21,cellular,mean,,,29.07,10.56
All Providers Combined,Tajikistan,,Nov-21,cellular,median,,,7.57,4.07
All Providers Combined,Tajikistan,,Nov-21,cellular,mean,,,14.54,7.05
All Providers Combined,Uzbekistan,,Nov-21,cellular,median,,,13.67,7.11
All Providers Combined,Uzbekistan,,Nov-21,cellular,mean,,,19.84,10.3
All Providers Combined,Azerbaijan,,Dec-21,cellular,median,,,29.06,8.51
All Providers Combined,Azerbaijan,,Dec-21,cellular,mean,,,38.87,14.94
All Providers Combined,Armenia,,Dec-21,cellular,median,,,25.8,7.74
All Providers Combined,Armenia,,Dec-21,cellular,mean,,,37.26,12.13
All Providers Combined,Belarus,,Dec-21,cellular,median,,,10.74,5.03
All Providers Combined,Belarus,,Dec-21,cellular,mean,,,20.4,9.88
All Providers Combined,Kazakhstan,,Dec-21,cellular,median,,,19.09,8.46
All Providers Combined,Kazakhstan,,Dec-21,cellular,mean,,,31.77,12.04
All Providers Combined,Kyrgyzstan,,Dec-21,cellular,median,,,15.98,8.87
All Providers Combined,Kyrgyzstan,,Dec-21,cellular,mean,,,23.09,12.39
All Providers Combined,Russia,,Dec-21,cellular,median,,,19.06,7.58
All Providers Combined,Russia,,Dec-21,cellular,mean,,,30.43,11.12
All Providers Combined,Tajikistan,,Dec-21,cellular,median,,,7.09,3.89
All Providers Combined,Tajikistan,,Dec-21,cellular,mean,,,14.7,6.93
All Providers Combined,Uzbekistan,,Dec-21,cellular,median,,,13.89,7.44
All Providers Combined,Uzbekistan,,Dec-21,cellular,mean,,,20.47,10.31
All Providers Combined,Azerbaijan,,Jan-22,cellular,median,34.2083,8.1184,30.96,9.6
All Providers Combined,Azerbaijan,,Jan-22,cellular,mean,46,18,41.16,15.2
All Providers Combined,Armenia,,Jan-22,cellular,median,30.3366,7.334,26.23,7.7
All Providers Combined,Armenia,,Jan-22,cellular,mean,39,17,37.61,11.74
All Providers Combined,Belarus,,Jan-22,cellular,median,42.4431,9.7721,11.19,5.32
All Providers Combined,Belarus,,Jan-22,cellular,mean,56,23,21.31,10.14
All Providers Combined,Kazakhstan,,Jan-22,cellular,median,50.8116,12.65,18,8.15
All Providers Combined,Kazakhstan,,Jan-22,cellular,mean,75,38,29.68,11.69
All Providers Combined,Kyrgyzstan,,Jan-22,cellular,median,35.9065,8.6614,17.45,8.85
All Providers Combined,Kyrgyzstan,,Jan-22,cellular,mean,56,23,24.55,12.53
All Providers Combined,Russia,,Jan-22,cellular,median,51.5222,9.5528,19.18,7.47
All Providers Combined,Russia,,Jan-22,cellular,mean,67,24,30.69,11.05
All Providers Combined,Tajikistan,,Jan-22,cellular,median,45.2342,14.6219,6.43,3.64
All Providers Combined,Tajikistan,,Jan-22,cellular,mean,86,41,13.94,6.66
All Providers Combined,Uzbekistan,,Jan-22,cellular,median,41.5598,10.3311,13.85,6.62
All Providers Combined,Uzbekistan,,Jan-22,cellular,mean,66,31,20.01,9.75
All Providers Combined,Azerbaijan,,Feb-22,cellular,median,34.0661,7.6808,30.85,9.29
All Providers Combined,Azerbaijan,,Feb-22,cellular,mean,45,17,40.63,15.23
All Providers Combined,Armenia,,Feb-22,cellular,median,30.954,7.6704,24.18,7.78
All Providers Combined,Armenia,,Feb-22,cellular,mean,41,17,36.16,11.79
All Providers Combined,Belarus,,Feb-22,cellular,median,41.9146,9.7061,10.05,5.64
All Providers Combined,Belarus,,Feb-22,cellular,mean,59,26,19.33,10.59
All Providers Combined,Kazakhstan,,Feb-22,cellular,median,45.6432,11.3823,19.64,8.52
All Providers Combined,Kazakhstan,,Feb-22,cellular,mean,67,31,32.48,12.09
All Providers Combined,Kyrgyzstan,,Feb-22,cellular,median,35.7874,8.4416,17.57,9.1
All Providers Combined,Kyrgyzstan,,Feb-22,cellular,mean,51,21,24.53,13.08
All Providers Combined,Russia,,Feb-22,cellular,median,51.0656,9.477,18.96,7.39
All Providers Combined,Russia,,Feb-22,cellular,mean,67,25,30.9,11
All Providers Combined,Tajikistan,,Feb-22,cellular,median,43.7266,12.8685,8.04,4.29
All Providers Combined,Tajikistan,,Feb-22,cellular,mean,82,47,15.52,7.18
All Providers Combined,Uzbekistan,,Feb-22,cellular,median,41.9892,10.2728,13.8,7.05
All Providers Combined,Uzbekistan,,Feb-22,cellular,mean,69,27,20.13,10.16
All Providers Combined,Azerbaijan,,Mar-22,cellular,median,34.5835,7.9734,30.4,8.97
All Providers Combined,Azerbaijan,,Mar-22,cellular,mean,48,21,41.18,15.12
All Providers Combined,Armenia,,Mar-22,cellular,median,31.6723,8.2242,22.01,8.39
All Providers Combined,Armenia,,Mar-22,cellular,mean,42,18,33.48,12.13
All Providers Combined,Belarus,,Mar-22,cellular,median,42.9523,10.2482,9.99,5.82
All Providers Combined,Belarus,,Mar-22,cellular,mean,60,26,19.66,10.83
All Providers Combined,Kazakhstan,,Mar-22,cellular,median,46.8217,11.7349,18.71,8.22
All Providers Combined,Kazakhstan,,Mar-22,cellular,mean,70,32,31.73,11.85
All Providers Combined,Kyrgyzstan,,Mar-22,cellular,median,36.9395,8.8853,16.3,8.47
All Providers Combined,Kyrgyzstan,,Mar-22,cellular,mean,62,24,22.76,12.02
All Providers Combined,Russia,,Mar-22,cellular,median,50.6559,9.507,20.46,7.66
All Providers Combined,Russia,,Mar-22,cellular,mean,66,25,32.69,11.26
All Providers Combined,Tajikistan,,Mar-22,cellular,median,44.2227,13.8829,7.05,4.11
All Providers Combined,Tajikistan,,Mar-22,cellular,mean,92,43,15.58,7.2
All Providers Combined,Uzbekistan,,Mar-22,cellular,median,43.33,10.3503,13.27,6.94
All Providers Combined,Uzbekistan,,Mar-22,cellular,mean,72,29,19.83,10.01
All Providers Combined,Azerbaijan,,Apr-22,cellular,median,34.3072,7.4824,32.52,10.14
All Providers Combined,Azerbaijan,,Apr-22,cellular,mean,46,15,42.62,16.26
All Providers Combined,Armenia,,Apr-22,cellular,median,32.1567,8.1725,24.79,9.97
All Providers Combined,Armenia,,Apr-22,cellular,mean,49,19,36.8,13.88
All Providers Combined,Belarus,,Apr-22,cellular,median,44.5989,10.8273,10.17,5.66
All Providers Combined,Belarus,,Apr-22,cellular,mean,66,29,19.92,10.57
All Providers Combined,Kazakhstan,,Apr-22,cellular,median,48.3931,12.4245,20.7,8.92
All Providers Combined,Kazakhstan,,Apr-22,cellular,mean,72,36,33.78,12.56
All Providers Combined,Kyrgyzstan,,Apr-22,cellular,median,36.234,8.3861,19.4,9.36
All Providers Combined,Kyrgyzstan,,Apr-22,cellular,mean,62,24,26.26,13.22
All Providers Combined,Russia,,Apr-22,cellular,median,50.2633,9.5912,21.48,7.7
All Providers Combined,Russia,,Apr-22,cellular,mean,69,27,33.89,11.44
All Providers Combined,Tajikistan,,Apr-22,cellular,median,46.97,13.4987,7.84,4.16
All Providers Combined,Tajikistan,,Apr-22,cellular,mean,95,53,17.61,7.23
All Providers Combined,Uzbekistan,,Apr-22,cellular,median,45.1002,11.3054,13.67,7.31
All Providers Combined,Uzbekistan,,Apr-22,cellular,mean,72,33,20.76,10.37
All Providers Combined,Azerbaijan,,May-22,cellular,median,36.0157,8.8302,32.17,10.04
All Providers Combined,Azerbaijan,,May-22,cellular,mean,49,20,42.61,15.49
All Providers Combined,Armenia,,May-22,cellular,median,33.5528,9.0433,21.46,10.02
All Providers Combined,Armenia,,May-22,cellular,mean,48,23,33.48,13.85
All Providers Combined,Belarus,,May-22,cellular,median,45.5008,12.2479,10.12,5.28
All Providers Combined,Belarus,,May-22,cellular,mean,69,36,20.27,10.44
All Providers Combined,Kazakhstan,,May-22,cellular,median,49.3843,14.0126,20.56,8.57
All Providers Combined,Kazakhstan,,May-22,cellular,mean,73,38,34.64,12.41
All Providers Combined,Kyrgyzstan,,May-22,cellular,median,38.1388,9.9231,19.21,8.39
All Providers Combined,Kyrgyzstan,,May-22,cellular,mean,64,28,26.61,12.42
All Providers Combined,Russia,,May-22,cellular,median,51.8622,10.6879,21.21,7.28
All Providers Combined,Russia,,May-22,cellular,mean,70,29,33.72,11.05
All Providers Combined,Tajikistan,,May-22,cellular,median,50.8678,16.2667,8.69,3.9
All Providers Combined,Tajikistan,,May-22,cellular,mean,96,43,18.3,7.17
All Providers Combined,Uzbekistan,,May-22,cellular,median,46.4741,11.3922,13.78,6.83
All Providers Combined,Uzbekistan,,May-22,cellular,mean,74,32,20.8,9.96
All Providers Combined,Azerbaijan,,Jun-22,cellular,median,35.3475,8.7641,33.64,10.07
All Providers Combined,Azerbaijan,,Jun-22,cellular,mean,49,19,43.84,15.64
All Providers Combined,Armenia,,Jun-22,cellular,median,33.2153,8.8775,23.53,10.08
All Providers Combined,Armenia,,Jun-22,cellular,mean,51,25,36.32,14.18
All Providers Combined,Belarus,,Jun-22,cellular,median,47.1887,12.8966,9.39,4.22
All Providers Combined,Belarus,,Jun-22,cellular,mean,73,38,19.81,9.45
All Providers Combined,Kazakhstan,,Jun-22,cellular,median,48.7322,13.4869,22.53,8.84
All Providers Combined,Kazakhstan,,Jun-22,cellular,mean,74,37,36.98,12.81
All Providers Combined,Kyrgyzstan,,Jun-22,cellular,median,38.9677,10.5938,20.96,9.06
All Providers Combined,Kyrgyzstan,,Jun-22,cellular,mean,61,28,28.87,12.93
All Providers Combined,Russia,,Jun-22,cellular,median,52.4398,10.7645,21.73,7.22
All Providers Combined,Russia,,Jun-22,cellular,mean,70,30,34.68,11.03
All Providers Combined,Tajikistan,,Jun-22,cellular,median,49.2579,15.4073,9.03,4.13
All Providers Combined,Tajikistan,,Jun-22,cellular,mean,90,46,19.5,7.15
All Providers Combined,Uzbekistan,,Jun-22,cellular,median,44.8669,11.2478,14.24,6.75
All Providers Combined,Uzbekistan,,Jun-22,cellular,mean,75,31,20.98,10.17
All Providers Combined,Azerbaijan,,Jul-22,cellular,median,36.0123,8.8089,31.23,9.23
All Providers Combined,Azerbaijan,,Jul-22,cellular,mean,50,22,41.93,15.16
All Providers Combined,Armenia,,Jul-22,cellular,median,32.2555,8.5083,28.83,9.77
All Providers Combined,Armenia,,Jul-22,cellular,mean,48,21,40.41,13.55
All Providers Combined,Belarus,,Jul-22,cellular,median,48.1073,13.3506,10.18,4.32
All Providers Combined,Belarus,,Jul-22,cellular,mean,73,38,20.66,9.78
All Providers Combined,Kazakhstan,,Jul-22,cellular,median,48.7642,13.5534,22.61,8.96
All Providers Combined,Kazakhstan,,Jul-22,cellular,mean,74,38,37.91,12.86
All Providers Combined,Kyrgyzstan,,Jul-22,cellular,median,42.4874,10.6088,20.86,8.39
All Providers Combined,Kyrgyzstan,,Jul-22,cellular,mean,67,31,29.6,12.31
All Providers Combined,Russia,,Jul-22,cellular,median,52.8558,11.0681,21.04,6.95
All Providers Combined,Russia,,Jul-22,cellular,mean,72,32,34.17,10.71
All Providers Combined,Tajikistan,,Jul-22,cellular,median,50.4657,17.3327,8.07,3.77
All Providers Combined,Tajikistan,,Jul-22,cellular,mean,99,53,17.06,6.51
All Providers Combined,Uzbekistan,,Jul-22,cellular,median,44.3053,11.3818,13.97,6.69
All Providers Combined,Uzbekistan,,Jul-22,cellular,mean,76,34,23.76,10.45
All Providers Combined,Azerbaijan,,Aug-22,cellular,median,36.6348,9.0227,30.9,8.92
All Providers Combined,Azerbaijan,,Aug-22,cellular,mean,54,23,41.32,14.98
All Providers Combined,Armenia,,Aug-22,cellular,median,32.4586,8.6905,26.06,8.58
All Providers Combined,Armenia,,Aug-22,cellular,mean,50,22,37.44,13.01
All Providers Combined,Belarus,,Aug-22,cellular,median,47.6564,12.6241,10.69,5.04
All Providers Combined,Belarus,,Aug-22,cellular,mean,72,37,21.66,10.52
All Providers Combined,Kazakhstan,,Aug-22,cellular,median,48.3697,13.8388,22.07,8.9
All Providers Combined,Kazakhstan,,Aug-22,cellular,mean,74,38,36.9,12.74
All Providers Combined,Kyrgyzstan,,Aug-22,cellular,median,44.0036,11.0033,20.23,8.74
All Providers Combined,Kyrgyzstan,,Aug-22,cellular,mean,65,30,31.94,13.21
All Providers Combined,Russia,,Aug-22,cellular,median,52.5997,11.0385,21.24,7.23
All Providers Combined,Russia,,Aug-22,cellular,mean,71,32,34.72,11.01
All Providers Combined,Tajikistan,,Aug-22,cellular,median,55.216,20.193,7.79,4.63
All Providers Combined,Tajikistan,,Aug-22,cellular,mean,96,50,16.47,7.22
All Providers Combined,Uzbekistan,,Aug-22,cellular,median,44.6527,11.0676,15.07,7.6
All Providers Combined,Uzbekistan,,Aug-22,cellular,mean,73,30,28.55,11.49
All Providers Combined,Azerbaijan,,Sep-22,cellular,median,35.6723,8.9955,33.95,10.22
All Providers Combined,Azerbaijan,,Sep-22,cellular,mean,48,20,43.31,15.98
All Providers Combined,Armenia,,Sep-22,cellular,median,33.5742,9.2723,24.1,9.48
All Providers Combined,Armenia,,Sep-22,cellular,mean,54,25,35.38,13.62
All Providers Combined,Belarus,,Sep-22,cellular,median,46.7885,12.8913,10.06,6.11
All Providers Combined,Belarus,,Sep-22,cellular,mean,69,35,20.29,10.94
All Providers Combined,Kazakhstan,,Sep-22,cellular,median,49.2807,14.1618,22.63,9.56
All Providers Combined,Kazakhstan,,Sep-22,cellular,mean,73,38,38.27,13.16
All Providers Combined,Kyrgyzstan,,Sep-22,cellular,median,40.9365,11.167,19.57,9.95
All Providers Combined,Kyrgyzstan,,Sep-22,cellular,mean,61,29,31.78,13.9
All Providers Combined,Russia,,Sep-22,cellular,median,52.9358,10.9593,21.41,7.47
All Providers Combined,Russia,,Sep-22,cellular,mean,70,31,34.92,11.27
All Providers Combined,Tajikistan,,Sep-22,cellular,median,49.3728,19.3114,7.88,5.02
All Providers Combined,Tajikistan,,Sep-22,cellular,mean,91,54,17.84,7.97
All Providers Combined,Uzbekistan,,Sep-22,cellular,median,43.8833,11.5178,15.75,7.67
All Providers Combined,Uzbekistan,,Sep-22,cellular,mean,72,32,28.02,11.69
All Providers Combined,Azerbaijan,,Oct-22,cellular,median,35.1028,8.8575,33.8,10.06
All Providers Combined,Azerbaijan,,Oct-22,cellular,mean,48,20,44.25,15.61
All Providers Combined,Armenia,,Oct-22,cellular,median,35.4597,10.0001,24.03,10.18
All Providers Combined,Armenia,,Oct-22,cellular,mean,74,27,35.48,13.84
All Providers Combined,Belarus,,Oct-22,cellular,median,47.8426,13.4218,9.84,5.99
All Providers Combined,Belarus,,Oct-22,cellular,mean,71,37,20.07,10.79
All Providers Combined,Kazakhstan,,Oct-22,cellular,median,48.7988,14.3826,22.41,9.54
All Providers Combined,Kazakhstan,,Oct-22,cellular,mean,72,39,37.32,13.03
All Providers Combined,Kyrgyzstan,,Oct-22,cellular,median,39.6853,11.0892,20.92,10.22
All Providers Combined,Kyrgyzstan,,Oct-22,cellular,mean,61,29,30.88,13.8
All Providers Combined,Russia,,Oct-22,cellular,median,52.9067,10.9025,21.27,7.73
All Providers Combined,Russia,,Oct-22,cellular,mean,71,30,35,11.46
All Providers Combined,Tajikistan,,Oct-22,cellular,median,50.9323,17.8614,8.01,4.89
All Providers Combined,Tajikistan,,Oct-22,cellular,mean,95,57,16.38,7.94
All Providers Combined,Uzbekistan,,Oct-22,cellular,median,44.2548,11.6844,15.22,7.57
All Providers Combined,Uzbekistan,,Oct-22,cellular,mean,69,32,25.39,11.31
All Providers Combined,Azerbaijan,,Nov-22,cellular,median,35.3844,9.0496,34.6,9.66
All Providers Combined,Azerbaijan,,Nov-22,cellular,mean,51,22,44.75,15.62
All Providers Combined,Armenia,,Nov-22,cellular,median,34.1544,9.8476,22.35,9.1
All Providers Combined,Armenia,,Nov-22,cellular,mean,59,33,34.71,12.86
All Providers Combined,Belarus,,Nov-22,cellular,median,46.15,12.5775,11.71,7.14
All Providers Combined,Belarus,,Nov-22,cellular,mean,66,32,22.64,11.24
All Providers Combined,Kazakhstan,,Nov-22,cellular,median,49.5195,14.757,21.05,9.04
All Providers Combined,Kazakhstan,,Nov-22,cellular,mean,73,40,36.45,12.57
All Providers Combined,Kyrgyzstan,,Nov-22,cellular,median,40.0595,11.2355,19.14,8.77
All Providers Combined,Kyrgyzstan,,Nov-22,cellular,mean,64,28,28.33,12.55
All Providers Combined,Russia,,Nov-22,cellular,median,53.2195,10.7928,21.73,7.99
All Providers Combined,Russia,,Nov-22,cellular,mean,71,30,35.62,11.67
All Providers Combined,Tajikistan,,Nov-22,cellular,median,54.2236,19.1804,8.17,4.91
All Providers Combined,Tajikistan,,Nov-22,cellular,mean,103,58,16.05,7.64
All Providers Combined,Uzbekistan,,Nov-22,cellular,median,44.7335,11.877,14.55,7.05
All Providers Combined,Uzbekistan,,Nov-22,cellular,mean,73,35,24.36,10.8
All Providers Combined,Azerbaijan,,Dec-22,cellular,median,35.3828,8.884,34.93,10.05
All Providers Combined,Azerbaijan,,Dec-22,cellular,mean,51,21,45.93,15.87
All Providers Combined,Armenia,,Dec-22,cellular,median,31.5714,8.8569,24.69,10.13
All Providers Combined,Armenia,,Dec-22,cellular,mean,45,23,36.32,13.99
All Providers Combined,Belarus,,Dec-22,cellular,median,46.356,11.8903,10.98,6.3
All Providers Combined,Belarus,,Dec-22,cellular,mean,67,32,22.03,11.04
All Providers Combined,Kazakhstan,,Dec-22,cellular,median,48.235,13.9292,21.29,9.29
All Providers Combined,Kazakhstan,,Dec-22,cellular,mean,70,37,37.23,13.35
All Providers Combined,Kyrgyzstan,,Dec-22,cellular,median,39.1612,10.3834,19.14,9.41
All Providers Combined,Kyrgyzstan,,Dec-22,cellular,mean,60,26,28.91,13.01
All Providers Combined,Russia,,Dec-22,cellular,median,52.0539,10.2645,23.09,8.28
All Providers Combined,Russia,,Dec-22,cellular,mean,69,28,37.57,11.93
All Providers Combined,Tajikistan,,Dec-22,cellular,median,42.3753,14.7996,8.55,4.64
All Providers Combined,Tajikistan,,Dec-22,cellular,mean,83,44,17.73,7.82
All Providers Combined,Uzbekistan,,Dec-22,cellular,median,44.5086,11.506,13.95,7.21
All Providers Combined,Uzbekistan,,Dec-22,cellular,mean,74,34,22.99,10.77
All Providers Combined,Azerbaijan,,Jan-23,cellular,median,35.568,8.8761,32.23,8.95
All Providers Combined,Azerbaijan,,Jan-23,cellular,mean,53,19,42.87,15.05
All Providers Combined,Armenia,,Jan-23,cellular,median,31.1932,8.624,26.34,10.56
All Providers Combined,Armenia,,Jan-23,cellular,mean,46,24,37.49,14.24
All Providers Combined,Belarus,,Jan-23,cellular,median,48.0117,11.5464,11.47,6.37
All Providers Combined,Belarus,,Jan-23,cellular,mean,66,29,22.78,11.1
All Providers Combined,Kazakhstan,,Jan-23,cellular,median,47.8802,13.5789,22.15,9.39
All Providers Combined,Kazakhstan,,Jan-23,cellular,mean,70,36,38.41,13.55
All Providers Combined,Kyrgyzstan,,Jan-23,cellular,median,38.8437,10.231,18.71,9.24
All Providers Combined,Kyrgyzstan,,Jan-23,cellular,mean,59,26,28.67,13.07
All Providers Combined,Russia,,Jan-23,cellular,median,51.4537,10.0176,23.56,8.42
All Providers Combined,Russia,,Jan-23,cellular,mean,69,27,38.03,12.05
All Providers Combined,Tajikistan,,Jan-23,cellular,median,53.096,17.3474,7.81,4.74
All Providers Combined,Tajikistan,,Jan-23,cellular,mean,107,57,17.37,7.74
All Providers Combined,Uzbekistan,,Jan-23,cellular,median,44.0997,11.8308,13.32,6.71
All Providers Combined,Uzbekistan,,Jan-23,cellular,mean,74,34,23.27,10.52
All Providers Combined,Azerbaijan,,Feb-23,cellular,median,35.2358,8.8835,37.47,11.04
All Providers Combined,Azerbaijan,,Feb-23,cellular,mean,51,19,48.07,16.16
All Providers Combined,Armenia,,Feb-23,cellular,median,31.7893,8.5908,24.25,10.66
All Providers Combined,Armenia,,Feb-23,cellular,mean,47,23,36.47,14.28
All Providers Combined,Belarus,,Feb-23,cellular,median,49.0692,12.0797,11.97,6.86
All Providers Combined,Belarus,,Feb-23,cellular,mean,66,29,24.33,11.7
All Providers Combined,Kazakhstan,,Feb-23,cellular,median,47.184,13.4592,23.68,9.72
All Providers Combined,Kazakhstan,,Feb-23,cellular,mean,70,36,45.05,14.05
All Providers Combined,Kyrgyzstan,,Feb-23,cellular,median,38.1405,9.98,20.35,10.37
All Providers Combined,Kyrgyzstan,,Feb-23,cellular,mean,59,25,30.98,14.3
All Providers Combined,Russia,,Feb-23,cellular,median,52.0157,10.1628,22.96,8.28
All Providers Combined,Russia,,Feb-23,cellular,mean,70,28,37.15,12
All Providers Combined,Tajikistan,,Feb-23,cellular,median,47.5324,16.7215,9.31,5.83
All Providers Combined,Tajikistan,,Feb-23,cellular,mean,96,50,20.28,9.14
All Providers Combined,Uzbekistan,,Feb-23,cellular,median,42.3423,11.2753,15.17,7.54
All Providers Combined,Uzbekistan,,Feb-23,cellular,mean,72,32,25.37,11.28
All Providers Combined,Azerbaijan,,Mar-23,cellular,median,34.7398,8.584,39.46,12.29
All Providers Combined,Azerbaijan,,Mar-23,cellular,mean,49,18,52.44,16.94
All Providers Combined,Armenia,,Mar-23,cellular,median,31.8983,8.9914,23.17,10.59
All Providers Combined,Armenia,,Mar-23,cellular,mean,46,23,35.18,14.26
All Providers Combined,Belarus,,Mar-23,cellular,median,49.3113,11.866,12.08,6.97
All Providers Combined,Belarus,,Mar-23,cellular,mean,67,28,24.21,11.85
All Providers Combined,Kazakhstan,,Mar-23,cellular,median,46.1656,13.2584,24.87,10.03
All Providers Combined,Kazakhstan,,Mar-23,cellular,mean,67,35,49.19,14.6
All Providers Combined,Kyrgyzstan,,Mar-23,cellular,median,37.2073,9.2251,23.7,11.35
All Providers Combined,Kyrgyzstan,,Mar-23,cellular,mean,56,23,33.89,15.28
All Providers Combined,Russia,,Mar-23,cellular,median,51.7245,10.2629,23.39,8.34
All Providers Combined,Russia,,Mar-23,cellular,mean,70,28,37.85,12.09
All Providers Combined,Tajikistan,,Mar-23,cellular,median,49.0386,15.7885,9.23,5.04
All Providers Combined,Tajikistan,,Mar-23,cellular,mean,99,51,18.6,8.41
All Providers Combined,Uzbekistan,,Mar-23,cellular,median,40.9842,11.0378,17.84,9.5
All Providers Combined,Uzbekistan,,Mar-23,cellular,mean,66,31,34.91,12.98
All Providers Combined,Azerbaijan,,Apr-23,cellular,median,34.7328,8.5209,39.24,11.34
All Providers Combined,Azerbaijan,,Apr-23,cellular,mean,49,18,54.88,17
All Providers Combined,Armenia,,Apr-23,cellular,median,31.2412,8.6945,26.3,11.96
All Providers Combined,Armenia,,Apr-23,cellular,mean,47,24,38.56,15.43
All Providers Combined,Belarus,,Apr-23,cellular,median,49.3117,12.1313,12.39,6.32
All Providers Combined,Belarus,,Apr-23,cellular,mean,67,30,25.15,11.45
All Providers Combined,Kazakhstan,,Apr-23,cellular,median,43.6492,12.0351,30.92,11.25
All Providers Combined,Kazakhstan,,Apr-23,cellular,mean,65,33,77.13,16.77
All Providers Combined,Kyrgyzstan,,Apr-23,cellular,median,36.6371,9.3066,26.12,11.92
All Providers Combined,Kyrgyzstan,,Apr-23,cellular,mean,58,24,37.29,15.6
All Providers Combined,Russia,,Apr-23,cellular,median,52.0317,10.3566,25,8.41
All Providers Combined,Russia,,Apr-23,cellular,mean,70,28,39.34,12.26
All Providers Combined,Tajikistan,,Apr-23,cellular,median,46.4838,14.848,11.48,5.1
All Providers Combined,Tajikistan,,Apr-23,cellular,mean,89,44,21.78,8.53
All Providers Combined,Uzbekistan,,Apr-23,cellular,median,38.8547,10.6078,21.33,10.4
All Providers Combined,Uzbekistan,,Apr-23,cellular,mean,62,29,51.77,14.21
All Providers Combined,Azerbaijan,,May-23,cellular,median,34.3607,8.3769,40.97,11.58
All Providers Combined,Azerbaijan,,May-23,cellular,mean,49,18,55.59,16.97
All Providers Combined,Armenia,,May-23,cellular,median,31.9106,9.0039,24.74,11.01
All Providers Combined,Armenia,,May-23,cellular,mean,50,26,37.32,15.11
All Providers Combined,Belarus,,May-23,cellular,median,49.4122,12.2169,11.95,6.07
All Providers Combined,Belarus,,May-23,cellular,mean,69,31,25.52,11.25
All Providers Combined,Kazakhstan,,May-23,cellular,median,43.0966,11.7999,30.32,11.09
All Providers Combined,Kazakhstan,,May-23,cellular,mean,64,31,74.34,16.49
All Providers Combined,Kyrgyzstan,,May-23,cellular,median,37.4777,9.56,25.2,11.23
All Providers Combined,Kyrgyzstan,,May-23,cellular,mean,58,24,37.3,15.18
All Providers Combined,Russia,,May-23,cellular,median,52.5717,10.5715,25.36,8.11
All Providers Combined,Russia,,May-23,cellular,mean,71,30,39.69,11.97
All Providers Combined,Tajikistan,,May-23,cellular,median,49.9136,17.3727,9.48,5.2
All Providers Combined,Tajikistan,,May-23,cellular,mean,96,46,18.68,8.25
All Providers Combined,Uzbekistan,,May-23,cellular,median,39.7542,11.4013,19.61,10.18
All Providers Combined,Uzbekistan,,May-23,cellular,mean,63,31,42.71,13.89
All Providers Combined,Azerbaijan,,Jun-23,cellular,median,34.556,8.418,40.39,11.25
All Providers Combined,Azerbaijan,,Jun-23,cellular,mean,50,19,54.39,16.7
All Providers Combined,Armenia,,Jun-23,cellular,median,31.9209,8.7453,27.77,12.16
All Providers Combined,Armenia,,Jun-23,cellular,mean,49,25,39.79,16.08
All Providers Combined,Belarus,,Jun-23,cellular,median,48.2203,12.2476,10.33,5.04
All Providers Combined,Belarus,,Jun-23,cellular,mean,71,34,24.23,10.86
All Providers Combined,Kazakhstan,,Jun-23,cellular,median,41.8522,10.963,34.07,11.42
All Providers Combined,Kazakhstan,,Jun-23,cellular,mean,62,30,87.46,17.5
All Providers Combined,Kyrgyzstan,,Jun-23,cellular,median,37.5685,9.1463,27.44,11.08
All Providers Combined,Kyrgyzstan,,Jun-23,cellular,mean,58,26,39.28,15.38
All Providers Combined,Russia,,Jun-23,cellular,median,53.2487,10.8637,24.32,7.76
All Providers Combined,Russia,,Jun-23,cellular,mean,73,31,38.89,11.63
All Providers Combined,Tajikistan,,Jun-23,cellular,median,56.5103,19.075,9.91,5.17
All Providers Combined,Tajikistan,,Jun-23,cellular,mean,109,54,18.68,8.51
All Providers Combined,Uzbekistan,,Jun-23,cellular,median,38.2561,10.7465,20.95,10.79
All Providers Combined,Uzbekistan,,Jun-23,cellular,mean,58,32,45.26,14.81
All Providers Combined,Azerbaijan,,Jul-23,cellular,median,34.3289,8.4419,41.77,11.24
All Providers Combined,Azerbaijan,,Jul-23,cellular,mean,49,17,53.75,16.87
All Providers Combined,Armenia,,Jul-23,cellular,median,32.3197,9.0135,25.38,11.61
All Providers Combined,Armenia,,Jul-23,cellular,mean,52,26,38.12,15.86
All Providers Combined,Belarus,,Jul-23,cellular,median,47.6571,11.8409,10.42,4.74
All Providers Combined,Belarus,,Jul-23,cellular,mean,71,35,25.53,10.68
All Providers Combined,Kazakhstan,,Jul-23,cellular,median,42.0807,10.938,33.91,11.18
All Providers Combined,Kazakhstan,,Jul-23,cellular,mean,63,30,77.22,16.81
All Providers Combined,Kyrgyzstan,,Jul-23,cellular,median,39.8558,9.674,26.92,10.95
All Providers Combined,Kyrgyzstan,,Jul-23,cellular,mean,65,29,39.36,14.98
All Providers Combined,Russia,,Jul-23,cellular,median,54.0046,10.9852,23.5,7.35
All Providers Combined,Russia,,Jul-23,cellular,mean,75,33,38.32,11.26
All Providers Combined,Tajikistan,,Jul-23,cellular,median,60.2337,20.897,9.73,4.91
All Providers Combined,Tajikistan,,Jul-23,cellular,mean,96,59,19.86,8.51
All Providers Combined,Uzbekistan,,Jul-23,cellular,median,38.9459,11.2437,20.33,10.29
All Providers Combined,Uzbekistan,,Jul-23,cellular,mean,59,32,40.57,14.46
All Providers Combined,Azerbaijan,,Aug-23,cellular,median,33.9384,8.592,42.94,11.15
All Providers Combined,Azerbaijan,,Aug-23,cellular,mean,50,18,55.56,16.86
All Providers Combined,Armenia,,Aug-23,cellular,median,32.875,9.1952,23.79,11.01
All Providers Combined,Armenia,,Aug-23,cellular,mean,56,27,36.12,15.04
All Providers Combined,Belarus,,Aug-23,cellular,median,46.415,11.938,11.37,5.44
All Providers Combined,Belarus,,Aug-23,cellular,mean,70,34,26.94,11.17
All Providers Combined,Kazakhstan,,Aug-23,cellular,median,42.4537,11.1542,35.81,11.9
All Providers Combined,Kazakhstan,,Aug-23,cellular,mean,63,30,80.88,17.25
All Providers Combined,Kyrgyzstan,,Aug-23,cellular,median,39.5566,9.4037,28.45,11.15
All Providers Combined,Kyrgyzstan,,Aug-23,cellular,mean,61,25,40.63,15.64
All Providers Combined,Russia,,Aug-23,cellular,median,53.391,10.7211,24.6,7.69
All Providers Combined,Russia,,Aug-23,cellular,mean,73,31,39.76,11.57
All Providers Combined,Tajikistan,,Aug-23,cellular,median,57.9323,19.2024,9.61,5.71
All Providers Combined,Tajikistan,,Aug-23,cellular,mean,105,58,20.24,9.25
All Providers Combined,Uzbekistan,,Aug-23,cellular,median,38.9456,10.9749,23.25,12.16
All Providers Combined,Uzbekistan,,Aug-23,cellular,mean,58,30,43.81,16.03
All Providers Combined,Azerbaijan,,Sep-23,cellular,median,33.6213,8.6951,44.88,13.11
All Providers Combined,Azerbaijan,,Sep-23,cellular,mean,48,19,57.45,18.11
All Providers Combined,Armenia,,Sep-23,cellular,median,33.4472,9.7002,21.33,10.59
All Providers Combined,Armenia,,Sep-23,cellular,mean,57,30,33.97,14.48
All Providers Combined,Belarus,,Sep-23,cellular,median,46.707,12.2271,11.49,6.75
All Providers Combined,Belarus,,Sep-23,cellular,mean,66,31,27.26,11.99
All Providers Combined,Kazakhstan,,Sep-23,cellular,median,42.3607,11.6581,36.03,12.38
All Providers Combined,Kazakhstan,,Sep-23,cellular,mean,61,30,83.8,17.54
All Providers Combined,Kyrgyzstan,,Sep-23,cellular,median,38.5815,9.7802,26.09,10.84
All Providers Combined,Kyrgyzstan,,Sep-23,cellular,mean,58,24,38.53,15.08
All Providers Combined,Russia,,Sep-23,cellular,median,52.5311,10.6455,25.17,8.04
All Providers Combined,Russia,,Sep-23,cellular,mean,71,30,40.45,11.88
All Providers Combined,Tajikistan,,Sep-23,cellular,median,53.4156,20.4702,9.76,5.48
All Providers Combined,Tajikistan,,Sep-23,cellular,mean,93,54,22.86,8.82
All Providers Combined,Uzbekistan,,Sep-23,cellular,median,39.1527,11.2994,23.63,12.6
All Providers Combined,Uzbekistan,,Sep-23,cellular,mean,59,32,47.18,16.14
All Providers Combined,Azerbaijan,,Oct-23,cellular,median,33.6666,8.771,45.7,12.71
All Providers Combined,Azerbaijan,,Oct-23,cellular,mean,48,18,58.6,18.04
All Providers Combined,Armenia,,Oct-23,cellular,median,33.5736,10.6612,19.8,9.55
All Providers Combined,Armenia,,Oct-23,cellular,mean,50,30,33.86,13.8
All Providers Combined,Belarus,,Oct-23,cellular,median,46.7087,12.4309,11.33,6.65
All Providers Combined,Belarus,,Oct-23,cellular,mean,67,32,26.56,12.09
All Providers Combined,Kazakhstan,,Oct-23,cellular,median,41.7982,11.7012,35.9,13.42
All Providers Combined,Kazakhstan,,Oct-23,cellular,mean,60,30,88.1,18.82
All Providers Combined,Kyrgyzstan,,Oct-23,cellular,median,37.4205,10.0001,25.69,12.02
All Providers Combined,Kyrgyzstan,,Oct-23,cellular,mean,56,27,37.82,15.76
All Providers Combined,Russia,,Oct-23,cellular,median,52.6166,10.6923,24.04,7.99
All Providers Combined,Russia,,Oct-23,cellular,mean,72,30,38.92,11.84
All Providers Combined,Tajikistan,,Oct-23,cellular,median,48.2221,19.0514,9.67,5.81
All Providers Combined,Tajikistan,,Oct-23,cellular,mean,83,54,22.31,9.22
All Providers Combined,Uzbekistan,,Oct-23,cellular,median,38.2542,11.0949,23.69,12.06
All Providers Combined,Uzbekistan,,Oct-23,cellular,mean,54,31,56.48,16.2
All Providers Combined,Azerbaijan,,Nov-23,cellular,median,33.1386,8.4833,45.45,12.85
All Providers Combined,Azerbaijan,,Nov-23,cellular,mean,47,17,59.65,18.1
All Providers Combined,Armenia,,Nov-23,cellular,median,32.7187,9.7272,25.17,11.95
All Providers Combined,Armenia,,Nov-23,cellular,mean,49,25,37.59,15.44
All Providers Combined,Belarus,,Nov-23,cellular,median,46.64,12.057,11.94,6.88
All Providers Combined,Belarus,,Nov-23,cellular,mean,65,31,27.43,12.17
All Providers Combined,Kazakhstan,,Nov-23,cellular,median,42.1927,11.7659,35.49,13.07
All Providers Combined,Kazakhstan,,Nov-23,cellular,mean,61,30,82.94,18.63
All Providers Combined,Kyrgyzstan,,Nov-23,cellular,median,38.6612,10.3221,25.47,12.27
All Providers Combined,Kyrgyzstan,,Nov-23,cellular,mean,59,27,36.61,15.75
All Providers Combined,Russia,,Nov-23,cellular,median,52.7656,10.4408,23.97,8.32
All Providers Combined,Russia,,Nov-23,cellular,mean,71,29,38.8,12.14
All Providers Combined,Tajikistan,,Nov-23,cellular,median,48.7127,17.6265,9.35,5.39
All Providers Combined,Tajikistan,,Nov-23,cellular,mean,93,56,21.42,8.93
All Providers Combined,Uzbekistan,,Nov-23,cellular,median,38.0932,10.7253,24.7,12.66
All Providers Combined,Uzbekistan,,Nov-23,cellular,mean,53,29,59.87,16.77
All Providers Combined,Azerbaijan,,Dec-23,cellular,median,32.9048,8.2517,43.8,11.87
All Providers Combined,Azerbaijan,,Dec-23,cellular,mean,47,17,60.11,17.58
All Providers Combined,Armenia,,Dec-23,cellular,median,32.3667,9.5457,26.43,12.23
All Providers Combined,Armenia,,Dec-23,cellular,mean,48,25,40.33,15.86
All Providers Combined,Belarus,,Dec-23,cellular,median,45.7519,11.6843,12.75,7.1
All Providers Combined,Belarus,,Dec-23,cellular,mean,65,30,28.71,12.3
All Providers Combined,Kazakhstan,,Dec-23,cellular,median,43.6829,11.8701,35.07,12.7
All Providers Combined,Kazakhstan,,Dec-23,cellular,mean,63,31,83.63,18.45
All Providers Combined,Kyrgyzstan,,Dec-23,cellular,median,37.1308,10.1195,24.43,11.29
All Providers Combined,Kyrgyzstan,,Dec-23,cellular,mean,57,28,35.98,15.22
All Providers Combined,Russia,,Dec-23,cellular,median,52.5192,10.2496,24.47,8.41
All Providers Combined,Russia,,Dec-23,cellular,mean,71,28,39.31,12.2
All Providers Combined,Tajikistan,,Dec-23,cellular,median,47.9518,19.0483,8.15,5.45
All Providers Combined,Tajikistan,,Dec-23,cellular,mean,92,61,20.54,8.78
All Providers Combined,Uzbekistan,,Dec-23,cellular,median,38.595,10.9445,25.2,12.46
All Providers Combined,Uzbekistan,,Dec-23,cellular,mean,54,30,60.53,16.5
All Providers Combined,Azerbaijan,,Jan-24,cellular,median,32.889,8.2944,46.88,12.22
All Providers Combined,Azerbaijan,,Jan-24,cellular,mean,46,17,59.68,17.52
All Providers Combined,Armenia,,Jan-24,cellular,median,32.301,9.5917,30.95,12.32
All Providers Combined,Armenia,,Jan-24,cellular,mean,46,24,44.31,16.01
All Providers Combined,Belarus,,Jan-24,cellular,median,44.6663,11.3496,12.82,7.32
All Providers Combined,Belarus,,Jan-24,cellular,mean,62,29,29.13,12.67
All Providers Combined,Kazakhstan,,Jan-24,cellular,median,43.5809,11.973,35.21,12.96
All Providers Combined,Kazakhstan,,Jan-24,cellular,mean,63,30,84.37,18.47
All Providers Combined,Kyrgyzstan,,Jan-24,cellular,median,36.4747,9.2076,26.65,11.49
All Providers Combined,Kyrgyzstan,,Jan-24,cellular,mean,55,25,38.39,15.31
All Providers Combined,Russia,,Jan-24,cellular,median,51.9764,10.0031,25.71,8.67
All Providers Combined,Russia,,Jan-24,cellular,mean,69,26,40.81,12.47
All Providers Combined,Tajikistan,,Jan-24,cellular,median,51.6518,18.7398,7.58,5.43
All Providers Combined,Tajikistan,,Jan-24,cellular,mean,105,62,18.6,9.02
All Providers Combined,Uzbekistan,,Jan-24,cellular,median,38.2392,10.5783,26.97,11.25
All Providers Combined,Uzbekistan,,Jan-24,cellular,mean,51,28,65.9,15.69
All Providers Combined,Azerbaijan,,Feb-24,cellular,median,33.3016,8.3534,48.41,13.23
All Providers Combined,Azerbaijan,,Feb-24,cellular,mean,46,18,62.82,18.3
All Providers Combined,Armenia,,Feb-24,cellular,median,31.7161,9.1221,30.19,13.08
All Providers Combined,Armenia,,Feb-24,cellular,mean,46,23,43.65,16.71
All Providers Combined,Belarus,,Feb-24,cellular,median,45.4348,12.2161,11.86,7.14
All Providers Combined,Belarus,,Feb-24,cellular,mean,64,30,26.79,11.99
All Providers Combined,Kazakhstan,,Feb-24,cellular,median,43.4873,12.2157,35.71,13.06
All Providers Combined,Kazakhstan,,Feb-24,cellular,mean,63,32,92.1,18.56
All Providers Combined,Kyrgyzstan,,Feb-24,cellular,median,36.8756,9.55,27.25,11.59
All Providers Combined,Kyrgyzstan,,Feb-24,cellular,mean,57,27,38.74,15.38
All Providers Combined,Russia,,Feb-24,cellular,median,52.723,10.4535,24.64,8.42
All Providers Combined,Russia,,Feb-24,cellular,mean,71,29,39.49,12.25
All Providers Combined,Tajikistan,,Feb-24,cellular,median,52.0464,19.3055,8.14,5.83
All Providers Combined,Tajikistan,,Feb-24,cellular,mean,99,59,21.35,9.19
All Providers Combined,Uzbekistan,,Feb-24,cellular,median,38.0753,10.6168,26.24,11.08
All Providers Combined,Uzbekistan,,Feb-24,cellular,mean,51,29,62.39,15.3
All Providers Combined,Azerbaijan,,Mar-24,cellular,median,33.8976,8.5631,50.12,12.77
All Providers Combined,Azerbaijan,,Mar-24,cellular,mean,47,18,64.34,18.34
All Providers Combined,Armenia,,Mar-24,cellular,median,32.107,9.3384,29.07,12.68
All Providers Combined,Armenia,,Mar-24,cellular,mean,49,27,41.67,16.23
All Providers Combined,Belarus,,Mar-24,cellular,median,46.2925,12.8169,11.59,6.64
All Providers Combined,Belarus,,Mar-24,cellular,mean,69,35,25.88,11.65
All Providers Combined,Kazakhstan,,Mar-24,cellular,median,43.8031,11.9575,38.04,13.66
All Providers Combined,Kazakhstan,,Mar-24,cellular,mean,65,32,98.15,19.59
All Providers Combined,Kyrgyzstan,,Mar-24,cellular,median,36.7239,9.8192,29.92,12.08
All Providers Combined,Kyrgyzstan,,Mar-24,cellular,mean,54,25,42.58,16.27
All Providers Combined,Russia,,Mar-24,cellular,median,52.5848,10.4576,24.88,8.41
All Providers Combined,Russia,,Mar-24,cellular,mean,71,29,39.57,12.28
All Providers Combined,Tajikistan,,Mar-24,cellular,median,51.5862,17.8085,8.51,5.84
All Providers Combined,Tajikistan,,Mar-24,cellular,mean,110,63,22.99,9.56
All Providers Combined,Uzbekistan,,Mar-24,cellular,median,39.0713,10.5466,28.25,11.79
All Providers Combined,Uzbekistan,,Mar-24,cellular,mean,51,28,62.04,15.76
All Providers Combined,Azerbaijan,,Apr-24,cellular,median,34.5784,8.6663,49.62,13.99
All Providers Combined,Azerbaijan,,Apr-24,cellular,mean,47,18,64.08,19.16
All Providers Combined,Armenia,,Apr-24,cellular,median,32.635,9.8612,29.57,12.6
All Providers Combined,Armenia,,Apr-24,cellular,mean,51,26,42.64,16.58
All Providers Combined,Belarus,,Apr-24,cellular,median,45.9305,12.7495,11.5,6.65
All Providers Combined,Belarus,,Apr-24,cellular,mean,70,36,26.89,11.74
All Providers Combined,Kazakhstan,,Apr-24,cellular,median,42.8345,11.4236,43.62,14.28
All Providers Combined,Kazakhstan,,Apr-24,cellular,mean,62,30,104.82,20.43
All Providers Combined,Kyrgyzstan,,Apr-24,cellular,median,35.7904,9.9075,29.38,11.2
All Providers Combined,Kyrgyzstan,,Apr-24,cellular,mean,50,26,44.18,15.69
All Providers Combined,Russia,,Apr-24,cellular,median,52.1054,10.5487,25.04,8.12
All Providers Combined,Russia,,Apr-24,cellular,mean,72,31,39.96,12.01
All Providers Combined,Tajikistan,,Apr-24,cellular,median,52.2002,17.5798,6.9,4.55
All Providers Combined,Tajikistan,,Apr-24,cellular,mean,116,66,19.36,8.05
All Providers Combined,Uzbekistan,,Apr-24,cellular,median,38.2146,10.5551,29.93,12.04
All Providers Combined,Uzbekistan,,Apr-24,cellular,mean,50,28,64.41,15.84
All Providers Combined,Azerbaijan,,May-24,cellular,median,34.5587,8.7568,51.18,14.47
All Providers Combined,Azerbaijan,,May-24,cellular,mean,48,19,67.3,19.73
All Providers Combined,Armenia,,May-24,cellular,median,32.9842,10.3106,27.57,12.17
All Providers Combined,Armenia,,May-24,cellular,mean,55,30,41.64,15.93
All Providers Combined,Belarus,,May-24,cellular,median,45.1037,12.3909,11.55,6.03
All Providers Combined,Belarus,,May-24,cellular,mean,70,35,27.25,11.43
All Providers Combined,Kazakhstan,,May-24,cellular,median,43.179,11.5038,45.34,14.16
All Providers Combined,Kazakhstan,,May-24,cellular,mean,62,31,105.85,20.94
All Providers Combined,Kyrgyzstan,,May-24,cellular,median,36.5478,10.2423,37.21,11.91
All Providers Combined,Kyrgyzstan,,May-24,cellular,mean,54,25,52.61,16.15
All Providers Combined,Russia,,May-24,cellular,median,52.4566,10.6899,25.51,7.75
All Providers Combined,Russia,,May-24,cellular,mean,74,32,40.71,11.7
All Providers Combined,Tajikistan,,May-24,cellular,median,51.7393,18.085,9.58,5.96
All Providers Combined,Tajikistan,,May-24,cellular,mean,108,58,26.85,9.48
All Providers Combined,Uzbekistan,,May-24,cellular,median,37.3946,10.3817,29.5,11.4
All Providers Combined,Uzbekistan,,May-24,cellular,mean,51,28,61.54,15.25
All Providers Combined,Azerbaijan,,Jun-24,cellular,median,33.3933,8.3717,54.93,14.11
All Providers Combined,Azerbaijan,,Jun-24,cellular,mean,46,17,73.4,19.26
All Providers Combined,Armenia,,Jun-24,cellular,median,31.5073,9.1214,32.17,13.33
All Providers Combined,Armenia,,Jun-24,cellular,mean,46,23,47.01,17.17
All Providers Combined,Belarus,,Jun-24,cellular,median,46.2417,13.0615,10.42,5.21
All Providers Combined,Belarus,,Jun-24,cellular,mean,75,39,26.82,10.82
All Providers Combined,Kazakhstan,,Jun-24,cellular,median,42.0393,11.0865,48.87,14.28
All Providers Combined,Kazakhstan,,Jun-24,cellular,mean,60,31,112.94,21.58
All Providers Combined,Kyrgyzstan,,Jun-24,cellular,median,36.7063,9.8497,43.09,13.23
All Providers Combined,Kyrgyzstan,,Jun-24,cellular,mean,55,24,59.09,17.52
All Providers Combined,Russia,,Jun-24,cellular,median,53.3448,11.1569,24.54,7.19
All Providers Combined,Russia,,Jun-24,cellular,mean,76,34,39.64,11.17
All Providers Combined,Tajikistan,,Jun-24,cellular,median,53.8198,15.6815,10.25,5.76
All Providers Combined,Tajikistan,,Jun-24,cellular,mean,109,58,24.57,9.84
All Providers Combined,Uzbekistan,,Jun-24,cellular,median,37.4988,9.7474,32.64,13.03
All Providers Combined,Uzbekistan,,Jun-24,cellular,mean,49,24,70.84,17
All Providers Combined,Azerbaijan,,Jul-24,cellular,median,33.4701,8.1626,55.31,14.02
All Providers Combined,Azerbaijan,,Jul-24,cellular,mean,47,17,70.93,19.28
All Providers Combined,Armenia,,Jul-24,cellular,median,32.4992,9.8117,31.19,12.7
All Providers Combined,Armenia,,Jul-24,cellular,mean,50,27,44.35,16.29
All Providers Combined,Belarus,,Jul-24,cellular,median,46.7535,13.0825,10.66,5.43
All Providers Combined,Belarus,,Jul-24,cellular,mean,78,40,27.99,10.94
All Providers Combined,Kazakhstan,,Jul-24,cellular,median,40.3212,10.9996,49,14.85
All Providers Combined,Kazakhstan,,Jul-24,cellular,mean,61,30,117.27,22.3
All Providers Combined,Kyrgyzstan,,Jul-24,cellular,median,37.6548,9.6639,41.86,11.73
All Providers Combined,Kyrgyzstan,,Jul-24,cellular,mean,59,26,58.53,16.54
All Providers Combined,Russia,,Jul-24,cellular,median,54.0305,11.3804,24.42,7.09
All Providers Combined,Russia,,Jul-24,cellular,mean,78,36,39.88,11.14
All Providers Combined,Tajikistan,,Jul-24,cellular,median,54.1311,16.8911,11.56,6.31
All Providers Combined,Tajikistan,,Jul-24,cellular,mean,112,56,24.45,9.9
All Providers Combined,Uzbekistan,,Jul-24,cellular,median,37.1046,9.8962,35.95,14.05
All Providers Combined,Uzbekistan,,Jul-24,cellular,mean,48,24,80.82,18.09
All Providers Combined,Azerbaijan,,Aug-24,cellular,median,32.9267,8.1726,54.75,14.68
All Providers Combined,Azerbaijan,,Aug-24,cellular,mean,45,18,71.75,19.54
All Providers Combined,Armenia,,Aug-24,cellular,median,32.858,9.7394,33.23,13.12
All Providers Combined,Armenia,,Aug-24,cellular,mean,52,28,47.19,16.76
All Providers Combined,Belarus,,Aug-24,cellular,median,46.1682,12.5742,12.1,6.1
All Providers Combined,Belarus,,Aug-24,cellular,mean,74,38,30.67,11.67
All Providers Combined,Kazakhstan,,Aug-24,cellular,median,38.5614,10.5678,53.39,15.79
All Providers Combined,Kazakhstan,,Aug-24,cellular,mean,57,28,122.19,23.54
All Providers Combined,Kyrgyzstan,,Aug-24,cellular,median,36.8402,9.2875,41.2,12.22
All Providers Combined,Kyrgyzstan,,Aug-24,cellular,mean,57,24,56.01,16.56
All Providers Combined,Russia,,Aug-24,cellular,median,53.5533,11.2394,25.06,7.29
All Providers Combined,Russia,,Aug-24,cellular,mean,76,33,40.14,11.27
All Providers Combined,Tajikistan,,Aug-24,cellular,median,54.7639,17.0846,9.83,6.43
All Providers Combined,Tajikistan,,Aug-24,cellular,mean,111,62,24.3,10.12
All Providers Combined,Uzbekistan,,Aug-24,cellular,median,36.5018,9.5762,40.94,14.87
All Providers Combined,Uzbekistan,,Aug-24,cellular,mean,50,24,89.33,18.93
All Providers Combined,Azerbaijan,,Sep-24,cellular,median,32.8966,8.2804,55.32,15.72
All Providers Combined,Azerbaijan,,Sep-24,cellular,mean,43,16,71.09,20.26
All Providers Combined,Armenia,,Sep-24,cellular,median,33.0782,9.9548,32.12,13.24
All Providers Combined,Armenia,,Sep-24,cellular,mean,51,28,47,16.98
All Providers Combined,Belarus,,Sep-24,cellular,median,46.0039,12.8728,11.71,6.81
All Providers Combined,Belarus,,Sep-24,cellular,mean,72,36,28.49,12.03
All Providers Combined,Kazakhstan,,Sep-24,cellular,median,38.1304,10.698,54.41,16.65
All Providers Combined,Kazakhstan,,Sep-24,cellular,mean,55,28,123.91,24.11
All Providers Combined,Kyrgyzstan,,Sep-24,cellular,median,34.8007,9.3038,38.36,12.27
All Providers Combined,Kyrgyzstan,,Sep-24,cellular,mean,49,21,53.28,16.57
All Providers Combined,Russia,,Sep-24,cellular,median,53.3169,11.3491,24.91,7.66
All Providers Combined,Russia,,Sep-24,cellular,mean,75,33,39.76,11.6
All Providers Combined,Tajikistan,,Sep-24,cellular,median,55.5044,18.6751,8.5,6.4
All Providers Combined,Tajikistan,,Sep-24,cellular,mean,99,57,19.48,9.97
All Providers Combined,Uzbekistan,,Sep-24,cellular,median,37.0472,9.8792,39.55,15.12
All Providers Combined,Uzbekistan,,Sep-24,cellular,mean,50,25,88.87,19.16
All Providers Combined,Azerbaijan,,Oct-24,cellular,median,33.3734,8.6088,54.72,14.87
All Providers Combined,Azerbaijan,,Oct-24,cellular,mean,44,17,72.02,19.87
All Providers Combined,Armenia,,Oct-24,cellular,median,33.2205,11.2428,30.73,12.2
All Providers Combined,Armenia,,Oct-24,cellular,mean,53,31,44.96,16.14
All Providers Combined,Belarus,,Oct-24,cellular,median,45.4065,12.5811,13.38,7.43
All Providers Combined,Belarus,,Oct-24,cellular,mean,69,35,30.66,12.48
All Providers Combined,Kazakhstan,,Oct-24,cellular,median,40.0551,11.2987,51.91,16.17
All Providers Combined,Kazakhstan,,Oct-24,cellular,mean,57,29,127.93,23.71
All Providers Combined,Kyrgyzstan,,Oct-24,cellular,median,34.015,9.3153,38.03,11.73
All Providers Combined,Kyrgyzstan,,Oct-24,cellular,mean,48,23,51.67,16.08
All Providers Combined,Russia,,Oct-24,cellular,median,52.292,11.241,24.99,7.83
All Providers Combined,Russia,,Oct-24,cellular,mean,74,33,40.13,11.71
All Providers Combined,Tajikistan,,Oct-24,cellular,median,56.1277,18.8117,8.84,6.33
All Providers Combined,Tajikistan,,Oct-24,cellular,mean,109,60,20.84,9.52
All Providers Combined,Uzbekistan,,Oct-24,cellular,median,37.5399,10.0324,37.02,14.54
All Providers Combined,Uzbekistan,,Oct-24,cellular,mean,49,24,81.96,18.39
All Providers Combined,Azerbaijan,,Nov-24,cellular,median,33.2235,8.5762,57.2,16.53
All Providers Combined,Azerbaijan,,Nov-24,cellular,mean,44,17,74.49,21.67
All Providers Combined,Armenia,,Nov-24,cellular,median,33.4652,10.7119,35.96,13.91
All Providers Combined,Armenia,,Nov-24,cellular,mean,49,27,53.98,17.19
All Providers Combined,Belarus,,Nov-24,cellular,median,44.7502,12.4386,13.15,7.65
All Providers Combined,Belarus,,Nov-24,cellular,mean,68,33,30.59,12.78
All Providers Combined,Kazakhstan,,Nov-24,cellular,median,40.7008,11.4708,51.27,15.87
All Providers Combined,Kazakhstan,,Nov-24,cellular,mean,58,29,127.67,23.73
All Providers Combined,Kyrgyzstan,,Nov-24,cellular,median,33.3643,9.1496,39.73,12.46
All Providers Combined,Kyrgyzstan,,Nov-24,cellular,mean,47,20,54.86,16.47
All Providers Combined,Russia,,Nov-24,cellular,median,51.0022,10.9516,26.73,8.09
All Providers Combined,Russia,,Nov-24,cellular,mean,71,31,41.75,11.91
All Providers Combined,Tajikistan,,Nov-24,cellular,median,58.9241,19.2988,9.55,6.25
All Providers Combined,Tajikistan,,Nov-24,cellular,mean,105,56,20.23,9.71
All Providers Combined,Uzbekistan,,Nov-24,cellular,median,37.1202,9.955,36.63,13.84
All Providers Combined,Uzbekistan,,Nov-24,cellular,mean,50,23,84.96,17.95
All Providers Combined,Azerbaijan,,Dec-24,cellular,median,33.2478,8.7055,57.81,16.31
All Providers Combined,Azerbaijan,,Dec-24,cellular,mean,44,17,75.74,21.59
All Providers Combined,Armenia,,Dec-24,cellular,median,33.1296,10.5566,34.72,13.28
All Providers Combined,Armenia,,Dec-24,cellular,mean,48,25,52.35,16.75
All Providers Combined,Belarus,,Dec-24,cellular,median,44.617,12.038,13.86,7.86
All Providers Combined,Belarus,,Dec-24,cellular,mean,66,31,31.67,12.91
All Providers Combined,Kazakhstan,,Dec-24,cellular,median,41.482,10.9354,54.17,15.54
All Providers Combined,Kazakhstan,,Dec-24,cellular,mean,57,27,131.35,23.43
All Providers Combined,Kyrgyzstan,,Dec-24,cellular,median,32.6461,8.7212,37.77,12.65
All Providers Combined,Kyrgyzstan,,Dec-24,cellular,mean,46,20,53.08,16.63
All Providers Combined,Russia,,Dec-24,cellular,median,49.4338,10.5034,28.21,8.49
All Providers Combined,Russia,,Dec-24,cellular,mean,68,28,43.16,12.25
All Providers Combined,Tajikistan,,Dec-24,cellular,median,66.9738,20.4411,8.06,6.06
All Providers Combined,Tajikistan,,Dec-24,cellular,mean,116,63,18.15,9.43
All Providers Combined,Uzbekistan,,Dec-24,cellular,median,37.1872,9.784,36.84,13.85
All Providers Combined,Uzbekistan,,Dec-24,cellular,mean,50,23,88.06,17.94
All Providers Combined,Azerbaijan,,Jan-25,cellular,median,33.0293,8.5886,59.45,17.01
All Providers Combined,Azerbaijan,,Jan-25,cellular,mean,46,18,77.35,22.12
All Providers Combined,Armenia,,Jan-25,cellular,median,32.4612,10.5193,37.08,13.18
All Providers Combined,Armenia,,Jan-25,cellular,mean,45,25,53.04,16.84
All Providers Combined,Belarus,,Jan-25,cellular,median,44.7796,11.6279,15.62,8.14
All Providers Combined,Belarus,,Jan-25,cellular,mean,64,29,34.56,13.39
All Providers Combined,Kazakhstan,,Jan-25,cellular,median,41.1741,11.1959,55.71,15.87
All Providers Combined,Kazakhstan,,Jan-25,cellular,mean,58,28,136.51,23.83
All Providers Combined,Kyrgyzstan,,Jan-25,cellular,median,32.081,8.6644,38.12,13.56
All Providers Combined,Kyrgyzstan,,Jan-25,cellular,mean,44,19,54.81,17.8
All Providers Combined,Russia,,Jan-25,cellular,median,50.0519,10.4611,28.88,8.71
All Providers Combined,Russia,,Jan-25,cellular,mean,69,28,43.99,12.65
All Providers Combined,Tajikistan,,Jan-25,cellular,median,61.485,19.2829,7.99,6.51
All Providers Combined,Tajikistan,,Jan-25,cellular,mean,112,59,19,9.8
All Providers Combined,Uzbekistan,,Jan-25,cellular,median,37.7678,9.695,37.22,14.5
All Providers Combined,Uzbekistan,,Jan-25,cellular,mean,51,24,88.03,18.53
All Providers Combined,Azerbaijan,,Feb-25,cellular,median,32.8703,8.7164,62.75,17.14
All Providers Combined,Azerbaijan,,Feb-25,cellular,mean,47,18,88.29,22.33
All Providers Combined,Armenia,,Feb-25,cellular,median,32.9956,11.126,31.64,13.04
All Providers Combined,Armenia,,Feb-25,cellular,mean,48,28,48.47,16.69
All Providers Combined,Belarus,,Feb-25,cellular,median,45.5676,12.0809,14.34,8.39
All Providers Combined,Belarus,,Feb-25,cellular,mean,69,32,31.75,13.49
All Providers Combined,Kazakhstan,,Feb-25,cellular,median,40.8851,11.0834,56.11,15.98
All Providers Combined,Kazakhstan,,Feb-25,cellular,mean,56,27,136.9,23.79
All Providers Combined,Kyrgyzstan,,Feb-25,cellular,median,32.3246,8.947,36.56,13.21
All Providers Combined,Kyrgyzstan,,Feb-25,cellular,mean,45,19,52.53,17.04
All Providers Combined,Russia,,Feb-25,cellular,median,50.0521,10.523,27.43,8.74
All Providers Combined,Russia,,Feb-25,cellular,mean,71,30,42.5,12.63
All Providers Combined,Tajikistan,,Feb-25,cellular,median,61.7757,18.4979,8.06,6.53
All Providers Combined,Tajikistan,,Feb-25,cellular,mean,112,60,21.6,9.78
All Providers Combined,Uzbekistan,,Feb-25,cellular,median,37.4922,9.6981,36.07,14.21
All Providers Combined,Uzbekistan,,Feb-25,cellular,mean,50,24,84.66,18.34
All Providers Combined,Azerbaijan,,Mar-25,cellular,median,32.6383,8.4559,65.57,18.02
All Providers Combined,Azerbaijan,,Mar-25,cellular,mean,45,17,87.2,23.24
All Providers Combined,Armenia,,Mar-25,cellular,median,33.821,10.0211,35.29,14.52
All Providers Combined,Armenia,,Mar-25,cellular,mean,51,25,52.84,18.06
All Providers Combined,Belarus,,Mar-25,cellular,median,44.9947,12.2885,14.09,7.89
All Providers Combined,Belarus,,Mar-25,cellular,mean,67,32,31.81,13.12
All Providers Combined,Kazakhstan,,Mar-25,cellular,median,40.9204,11.2431,55.9,15.88
All Providers Combined,Kazakhstan,,Mar-25,cellular,mean,57,29,139.01,23.9
All Providers Combined,Kyrgyzstan,,Mar-25,cellular,median,32.2384,8.7441,39.86,12.87
All Providers Combined,Kyrgyzstan,,Mar-25,cellular,mean,46,18,55.19,16.97
All Providers Combined,Russia,,Mar-25,cellular,median,50.0128,10.5295,28.4,8.93
All Providers Combined,Russia,,Mar-25,cellular,mean,72,31,43.62,12.85
All Providers Combined,Tajikistan,,Mar-25,cellular,median,64.0702,20.3602,9.35,7.18
All Providers Combined,Tajikistan,,Mar-25,cellular,mean,111,63,21.82,10.07
All Providers Combined,Uzbekistan,,Mar-25,cellular,median,36.6545,9.3553,40.28,14.82
All Providers Combined,Uzbekistan,,Mar-25,cellular,mean,49,23,93.18,19.2
All Providers Combined,Azerbaijan,,Apr-25,cellular,median,32.8898,8.6863,58.98,16.67
All Providers Combined,Azerbaijan,,Apr-25,cellular,mean,45,17,80.16,21.89
All Providers Combined,Armenia,,Apr-25,cellular,median,34.5213,11.048,36.13,14.11
All Providers Combined,Armenia,,Apr-25,cellular,mean,53,29,55.05,17.98
All Providers Combined,Belarus,,Apr-25,cellular,median,45.377,12.6982,13.57,7.57
All Providers Combined,Belarus,,Apr-25,cellular,mean,67,32,30.26,12.85
All Providers Combined,Kazakhstan,,Apr-25,cellular,median,41.1929,11.5589,57.69,16.24
All Providers Combined,Kazakhstan,,Apr-25,cellular,mean,58,30,140.91,24.12
All Providers Combined,Kyrgyzstan,,Apr-25,cellular,median,32.0793,8.617,43.85,13.45
All Providers Combined,Kyrgyzstan,,Apr-25,cellular,mean,46,20,60.01,17.62
All Providers Combined,Russia,,Apr-25,cellular,median,50.396,10.5885,29.65,8.89
All Providers Combined,Russia,,Apr-25,cellular,mean,70,30,44.77,12.85
All Providers Combined,Tajikistan,,Apr-25,cellular,median,63.8486,20.579,11.51,7.53
All Providers Combined,Tajikistan,,Apr-25,cellular,mean,101,53,27.69,10.56
All Providers Combined,Uzbekistan,,Apr-25,cellular,median,37.4331,9.7021,41.82,14.66
All Providers Combined,Uzbekistan,,Apr-25,cellular,mean,49,23,94.88,18.78
All Providers Combined,Azerbaijan,,May-25,cellular,median,33.1475,8.6955,61.51,16.77
All Providers Combined,Azerbaijan,,May-25,cellular,mean,47,18,83.3,22.13
All Providers Combined,Armenia,,May-25,cellular,median,34.4465,10.8619,42.83,14.96
All Providers Combined,Armenia,,May-25,cellular,mean,51,27,61.75,19.1
All Providers Combined,Belarus,,May-25,cellular,median,45.3065,12.6288,13.42,7.02
All Providers Combined,Belarus,,May-25,cellular,mean,68,32,32.55,12.88
All Providers Combined,Kazakhstan,,May-25,cellular,median,40.6367,11.4079,60.35,16.1
All Providers Combined,Kazakhstan,,May-25,cellular,mean,58,29,147.21,24.25
All Providers Combined,Kyrgyzstan,,May-25,cellular,median,32.2767,8.5645,45.56,13.19
All Providers Combined,Kyrgyzstan,,May-25,cellular,mean,47,20,61.59,17.57
All Providers Combined,Russia,,May-25,cellular,median,50.18,10.8097,30.02,8.32
All Providers Combined,Russia,,May-25,cellular,mean,71,31,45.46,12.35
All Providers Combined,Tajikistan,,May-25,cellular,median,67.0046,19.646,12.28,8.2
All Providers Combined,Tajikistan,,May-25,cellular,mean,110,58,28.02,11.4
All Providers Combined,Uzbekistan,,May-25,cellular,median,36.7922,9.4117,42.88,15.21
All Providers Combined,Uzbekistan,,May-25,cellular,mean,47,22,98.71,19.53
All Providers Combined,Azerbaijan,,Jun-25,cellular,median,33.6032,8.7251,63.59,16.82
All Providers Combined,Azerbaijan,,Jun-25,cellular,mean,51,19,85.02,22.2
All Providers Combined,Armenia,,Jun-25,cellular,median,34.8514,11.0927,60.96,18.97
All Providers Combined,Armenia,,Jun-25,cellular,mean,48,24,77.91,23.05
All Providers Combined,Belarus,,Jun-25,cellular,median,45.3891,12.646,13.76,6.51
All Providers Combined,Belarus,,Jun-25,cellular,mean,71,34,32.77,12.26
All Providers Combined,Kazakhstan,,Jun-25,cellular,median,41.1821,11.5565,60.13,15.53
All Providers Combined,Kazakhstan,,Jun-25,cellular,mean,60,30,147.08,23.95
All Providers Combined,Kyrgyzstan,,Jun-25,cellular,median,32.6142,8.2947,45.91,12.53
All Providers Combined,Kyrgyzstan,,Jun-25,cellular,mean,45,22,61.68,17.12
All Providers Combined,Russia,,Jun-25,cellular,median,51.1013,10.8704,29.7,7.84
All Providers Combined,Russia,,Jun-25,cellular,mean,71,31,45.07,11.8
All Providers Combined,Tajikistan,,Jun-25,cellular,median,61.1858,17.0069,13.29,8
All Providers Combined,Tajikistan,,Jun-25,cellular,mean,108,53,30.29,11.36
All Providers Combined,Uzbekistan,,Jun-25,cellular,median,37.3205,9.016,41.83,14.51
All Providers Combined,Uzbekistan,,Jun-25,cellular,mean,49,21,92.73,18.89
All Providers Combined,Azerbaijan,,Jul-25,cellular,median,33.2104,8.7086,65.87,17.6
All Providers Combined,Azerbaijan,,Jul-25,cellular,mean,51,19,88.47,22.74
All Providers Combined,Armenia,,Jul-25,cellular,median,34.3977,10.6252,52.75,17.16
All Providers Combined,Armenia,,Jul-25,cellular,mean,47,24,72.37,21.62
All Providers Combined,Belarus,,Jul-25,cellular,median,45.1313,12.0927,13.34,6.08
All Providers Combined,Belarus,,Jul-25,cellular,mean,69,33,34.06,12.05
All Providers Combined,Kazakhstan,,Jul-25,cellular,median,42.4458,11.5416,62.91,16.2
All Providers Combined,Kazakhstan,,Jul-25,cellular,mean,61,31,151.29,24.31
All Providers Combined,Kyrgyzstan,,Jul-25,cellular,median,34.4073,8.6572,44.62,12.11
All Providers Combined,Kyrgyzstan,,Jul-25,cellular,mean,46,21,60.35,17.08
All Providers Combined,Russia,,Jul-25,cellular,median,50.6638,10.8948,30.57,7.76
All Providers Combined,Russia,,Jul-25,cellular,mean,72,33,46.47,11.78
All Providers Combined,Tajikistan,,Jul-25,cellular,median,55.9642,16.514,13.39,8.6
All Providers Combined,Tajikistan,,Jul-25,cellular,mean,102,49,42.13,11.94
All Providers Combined,Uzbekistan,,Jul-25,cellular,median,36.0264,8.5832,40.98,14.34
All Providers Combined,Uzbekistan,,Jul-25,cellular,mean,48,21,90.44,18.6
All Providers Combined,Azerbaijan,,Aug-25,cellular,median,33.4934,8.5929,68.15,18.4
All Providers Combined,Azerbaijan,,Aug-25,cellular,mean,48,19,90.77,23.44
All Providers Combined,Armenia,,Aug-25,cellular,median,34.2238,10.7293,50.59,16.62
All Providers Combined,Armenia,,Aug-25,cellular,mean,48,25,71.12,21.36
All Providers Combined,Belarus,,Aug-25,cellular,median,44.6543,11.9024,15.21,7.16
All Providers Combined,Belarus,,Aug-25,cellular,mean,67,32,37.03,13.05
All Providers Combined,Kazakhstan,,Aug-25,cellular,median,39.5147,11.096,67.71,17.07
All Providers Combined,Kazakhstan,,Aug-25,cellular,mean,57,30,158.2,25.25
All Providers Combined,Kyrgyzstan,,Aug-25,cellular,median,34.7583,8.7423,43.46,11.69
All Providers Combined,Kyrgyzstan,,Aug-25,cellular,mean,47,22,59.02,16.5
All Providers Combined,Russia,,Aug-25,cellular,median,61.6298,10.2876,28.97,7.92
All Providers Combined,Russia,,Aug-25,cellular,mean,91,29,43.79,11.99
All Providers Combined,Tajikistan,,Aug-25,cellular,median,54.0252,17.992,12.89,9.06
All Providers Combined,Tajikistan,,Aug-25,cellular,mean,99,52,41.11,12.25
All Providers Combined,Uzbekistan,,Aug-25,cellular,median,35.0932,8.2223,43.77,15.31
All Providers Combined,Uzbekistan,,Aug-25,cellular,mean,46,19,96.92,19.7
All Providers Combined,Azerbaijan,,Sep-25,cellular,median,33.071,8.7466,69.82,19.36
All Providers Combined,Azerbaijan,,Sep-25,cellular,mean,47,19,88.75,23.75
All Providers Combined,Armenia,,Sep-25,cellular,median,34.6342,11.0708,51.07,16.95
All Providers Combined,Armenia,,Sep-25,cellular,mean,48,25,70.85,21.81
All Providers Combined,Belarus,,Sep-25,cellular,median,43.9602,11.9998,15.55,8.22
All Providers Combined,Belarus,,Sep-25,cellular,mean,64,30,35.47,13.51
All Providers Combined,Kazakhstan,,Sep-25,cellular,median,38.2319,11.6272,66.74,17.41
All Providers Combined,Kazakhstan,,Sep-25,cellular,mean,55,29,151.98,24.88
All Providers Combined,Kyrgyzstan,,Sep-25,cellular,median,33.0214,8.6915,44.11,12.78
All Providers Combined,Kyrgyzstan,,Sep-25,cellular,mean,45,20,59.67,17.31
All Providers Combined,Russia,,Sep-25,cellular,median,64.5699,10.5158,30.01,8.2
All Providers Combined,Russia,,Sep-25,cellular,mean,89,29,44.95,12.16
All Providers Combined,Tajikistan,,Sep-25,cellular,median,49.5612,16.8904,13.15,8.96
All Providers Combined,Tajikistan,,Sep-25,cellular,mean,91,50,48.79,12.26
All Providers Combined,Uzbekistan,,Sep-25,cellular,median,36.0052,8.9303,41.08,15.38
All Providers Combined,Uzbekistan,,Sep-25,cellular,mean,48,21,96.27,19.58