Provider,Location,Device,Aggregate Date,Metric Type,Multi-Server Latency,Multi-Server Jitter,Download Speed Mbps,Upload Speed Mbps
All Providers Combined,Azerbaijan,,Apr-19,median,,,5.93,3.24
All Providers Combined,Azerbaijan,,Apr-19,mean,,,14.63,15.53
All Providers Combined,Armenia,,Apr-19,median,,,15.81,14.79
All Providers Combined,Armenia,,Apr-19,mean,,,23.51,22.07
All Providers Combined,Belarus,,Apr-19,median,,,27.06,23.47
All Providers Combined,Belarus,,Apr-19,mean,,,43.53,35.95
All Providers Combined,Kazakhstan,,Apr-19,median,,,17.75,16.04
All Providers Combined,Kazakhstan,,Apr-19,mean,,,36.08,35.32
All Providers Combined,Kyrgyzstan,,Apr-19,median,,,14.02,13.96
All Providers Combined,Kyrgyzstan,,Apr-19,mean,,,22.37,22.31
All Providers Combined,Russia,,Apr-19,median,,,34.73,35.86
All Providers Combined,Russia,,Apr-19,mean,,,52.36,53.54
All Providers Combined,Tajikistan,,Apr-19,median,,,6.36,2.73
All Providers Combined,Tajikistan,,Apr-19,mean,,,18.05,16.93
All Providers Combined,Uzbekistan,,Apr-19,median,,,4.75,3.26
All Providers Combined,Uzbekistan,,Apr-19,mean,,,13.53,13.01
All Providers Combined,Azerbaijan,,May-19,median,,,5.86,3.31
All Providers Combined,Azerbaijan,,May-19,mean,,,14.62,15.01
All Providers Combined,Armenia,,May-19,median,,,16.4,14.88
All Providers Combined,Armenia,,May-19,mean,,,23.68,21.6
All Providers Combined,Belarus,,May-19,median,,,26.64,22.2
All Providers Combined,Belarus,,May-19,mean,,,43.33,34.35
All Providers Combined,Kazakhstan,,May-19,median,,,19.63,16.95
All Providers Combined,Kazakhstan,,May-19,mean,,,37.49,34.07
All Providers Combined,Kyrgyzstan,,May-19,median,,,13.92,13.4
All Providers Combined,Kyrgyzstan,,May-19,mean,,,23.09,22.05
All Providers Combined,Russia,,May-19,median,,,33.46,32.75
All Providers Combined,Russia,,May-19,mean,,,52.07,50.2
All Providers Combined,Tajikistan,,May-19,median,,,6.33,3.58
All Providers Combined,Tajikistan,,May-19,mean,,,17.85,16.21
All Providers Combined,Uzbekistan,,May-19,median,,,5.14,3.68
All Providers Combined,Uzbekistan,,May-19,mean,,,14.37,12.77
All Providers Combined,Azerbaijan,,Jun-19,median,,,5.41,2.38
All Providers Combined,Azerbaijan,,Jun-19,mean,,,14.17,14.86
All Providers Combined,Armenia,,Jun-19,median,,,16.24,14.62
All Providers Combined,Armenia,,Jun-19,mean,,,23.14,21.51
All Providers Combined,Belarus,,Jun-19,median,,,25.93,21.89
All Providers Combined,Belarus,,Jun-19,mean,,,42.09,35.92
All Providers Combined,Kazakhstan,,Jun-19,median,,,17.84,15.52
All Providers Combined,Kazakhstan,,Jun-19,mean,,,35.48,35.5
All Providers Combined,Kyrgyzstan,,Jun-19,median,,,13.64,14.09
All Providers Combined,Kyrgyzstan,,Jun-19,mean,,,22.03,23.2
All Providers Combined,Russia,,Jun-19,median,,,32.23,33.93
All Providers Combined,Russia,,Jun-19,mean,,,50.31,53.43
All Providers Combined,Tajikistan,,Jun-19,median,,,6.61,4
All Providers Combined,Tajikistan,,Jun-19,mean,,,18.06,18.05
All Providers Combined,Uzbekistan,,Jun-19,median,,,5.69,4.55
All Providers Combined,Uzbekistan,,Jun-19,mean,,,17.07,16.22
All Providers Combined,Azerbaijan,,Jul-19,median,,,7.43,6.26
All Providers Combined,Azerbaijan,,Jul-19,mean,,,17.19,18.2
All Providers Combined,Armenia,,Jul-19,median,,,17.43,15.37
All Providers Combined,Armenia,,Jul-19,mean,,,24.02,23.09
All Providers Combined,Belarus,,Jul-19,median,,,33.23,24.94
All Providers Combined,Belarus,,Jul-19,mean,,,47.94,36.88
All Providers Combined,Kazakhstan,,Jul-19,median,,,19,17.35
All Providers Combined,Kazakhstan,,Jul-19,mean,,,36.39,36.31
All Providers Combined,Kyrgyzstan,,Jul-19,median,,,18.08,19.5
All Providers Combined,Kyrgyzstan,,Jul-19,mean,,,25.6,26.86
All Providers Combined,Russia,,Jul-19,median,,,36.21,39.47
All Providers Combined,Russia,,Jul-19,mean,,,53.66,57.29
All Providers Combined,Tajikistan,,Jul-19,median,,,7.48,4.87
All Providers Combined,Tajikistan,,Jul-19,mean,,,18.81,18.35
All Providers Combined,Uzbekistan,,Jul-19,median,,,7.96,7.06
All Providers Combined,Uzbekistan,,Jul-19,mean,,,18.94,18.19
All Providers Combined,Azerbaijan,,Aug-19,median,,,6.84,5.85
All Providers Combined,Azerbaijan,,Aug-19,mean,,,16.46,18.08
All Providers Combined,Armenia,,Aug-19,median,,,17.78,15.66
All Providers Combined,Armenia,,Aug-19,mean,,,24.06,23.24
All Providers Combined,Belarus,,Aug-19,median,,,36.73,26.6
All Providers Combined,Belarus,,Aug-19,mean,,,49.94,37.64
All Providers Combined,Kazakhstan,,Aug-19,median,,,20.22,19.64
All Providers Combined,Kazakhstan,,Aug-19,mean,,,38.29,38.77
All Providers Combined,Kyrgyzstan,,Aug-19,median,,,19.04,20.43
All Providers Combined,Kyrgyzstan,,Aug-19,mean,,,25.99,27.54
All Providers Combined,Russia,,Aug-19,median,,,38.74,42.61
All Providers Combined,Russia,,Aug-19,mean,,,56.42,60.41
All Providers Combined,Tajikistan,,Aug-19,median,,,7.35,5.1
All Providers Combined,Tajikistan,,Aug-19,mean,,,19.05,18.75
All Providers Combined,Uzbekistan,,Aug-19,median,,,7.09,6.78
All Providers Combined,Uzbekistan,,Aug-19,mean,,,18.49,17.8
All Providers Combined,Azerbaijan,,Sep-19,median,,,9.19,9.11
All Providers Combined,Azerbaijan,,Sep-19,mean,,,18.54,20.03
All Providers Combined,Armenia,,Sep-19,median,,,18.91,16.92
All Providers Combined,Armenia,,Sep-19,mean,,,25.61,25.03
All Providers Combined,Belarus,,Sep-19,median,,,34.29,29.11
All Providers Combined,Belarus,,Sep-19,mean,,,50.14,40.59
All Providers Combined,Kazakhstan,,Sep-19,median,,,20.33,19.45
All Providers Combined,Kazakhstan,,Sep-19,mean,,,38.09,38.68
All Providers Combined,Kyrgyzstan,,Sep-19,median,,,21.49,23.9
All Providers Combined,Kyrgyzstan,,Sep-19,mean,,,28.37,29.88
All Providers Combined,Russia,,Sep-19,median,,,40.15,44.36
All Providers Combined,Russia,,Sep-19,mean,,,58.13,62.67
All Providers Combined,Tajikistan,,Sep-19,median,,,7.74,5.61
All Providers Combined,Tajikistan,,Sep-19,mean,,,20.41,19.83
All Providers Combined,Uzbekistan,,Sep-19,median,,,8.02,7.12
All Providers Combined,Uzbekistan,,Sep-19,mean,,,19.91,18.73
All Providers Combined,Azerbaijan,,Oct-19,median,,,10.72,11.64
All Providers Combined,Azerbaijan,,Oct-19,mean,,,22.34,24.49
All Providers Combined,Armenia,,Oct-19,median,,,19.03,18.37
All Providers Combined,Armenia,,Oct-19,mean,,,26.05,26.37
All Providers Combined,Belarus,,Oct-19,median,,,37,32.65
All Providers Combined,Belarus,,Oct-19,mean,,,52.95,43.26
All Providers Combined,Kazakhstan,,Oct-19,median,,,23.43,23.7
All Providers Combined,Kazakhstan,,Oct-19,mean,,,40.14,40.63
All Providers Combined,Kyrgyzstan,,Oct-19,median,,,22.81,25.69
All Providers Combined,Kyrgyzstan,,Oct-19,mean,,,30.19,32.61
All Providers Combined,Russia,,Oct-19,median,,,41.61,47.47
All Providers Combined,Russia,,Oct-19,mean,,,60.91,67.79
All Providers Combined,Tajikistan,,Oct-19,median,,,9.13,6.83
All Providers Combined,Tajikistan,,Oct-19,mean,,,21.1,21.55
All Providers Combined,Uzbekistan,,Oct-19,median,,,7.83,7.63
All Providers Combined,Uzbekistan,,Oct-19,mean,,,18.9,19.27
All Providers Combined,Azerbaijan,,Nov-19,median,,,10.18,10.9
All Providers Combined,Azerbaijan,,Nov-19,mean,,,21.2,23.49
All Providers Combined,Armenia,,Nov-19,median,,,19.32,19.14
All Providers Combined,Armenia,,Nov-19,mean,,,25.88,26.52
All Providers Combined,Belarus,,Nov-19,median,,,35.12,31.25
All Providers Combined,Belarus,,Nov-19,mean,,,51.5,42.92
All Providers Combined,Kazakhstan,,Nov-19,median,,,21.55,23.14
All Providers Combined,Kazakhstan,,Nov-19,mean,,,40,41.76
All Providers Combined,Kyrgyzstan,,Nov-19,median,,,21.67,24.81
All Providers Combined,Kyrgyzstan,,Nov-19,mean,,,29.51,31.3
All Providers Combined,Russia,,Nov-19,median,,,41.3,47.45
All Providers Combined,Russia,,Nov-19,mean,,,60.75,67.59
All Providers Combined,Tajikistan,,Nov-19,median,,,8.8,7
All Providers Combined,Tajikistan,,Nov-19,mean,,,21.15,22.37
All Providers Combined,Uzbekistan,,Nov-19,median,,,10.03,9.85
All Providers Combined,Uzbekistan,,Nov-19,mean,,,21.47,21.59
All Providers Combined,Azerbaijan,,Dec-19,median,,,10.34,11.21
All Providers Combined,Azerbaijan,,Dec-19,mean,,,22.29,24.52
All Providers Combined,Armenia,,Dec-19,median,,,19.78,19.52
All Providers Combined,Armenia,,Dec-19,mean,,,27.02,27.38
All Providers Combined,Belarus,,Dec-19,median,,,31.25,29.34
All Providers Combined,Belarus,,Dec-19,mean,,,50.39,43.68
All Providers Combined,Kazakhstan,,Dec-19,median,,,22.64,25.23
All Providers Combined,Kazakhstan,,Dec-19,mean,,,42.53,44.24
All Providers Combined,Kyrgyzstan,,Dec-19,median,,,23.13,25.92
All Providers Combined,Kyrgyzstan,,Dec-19,mean,,,31.56,32.51
All Providers Combined,Russia,,Dec-19,median,,,41.59,47.73
All Providers Combined,Russia,,Dec-19,mean,,,61.71,68.4
All Providers Combined,Tajikistan,,Dec-19,median,,,9.07,7.42
All Providers Combined,Tajikistan,,Dec-19,mean,,,20.57,21.7
All Providers Combined,Uzbekistan,,Dec-19,median,,,10.68,10.33
All Providers Combined,Uzbekistan,,Dec-19,mean,,,22.49,22.42
All Providers Combined,Azerbaijan,,Jan-20,median,,,9.81,10.39
All Providers Combined,Azerbaijan,,Jan-20,mean,,,20.02,22.24
All Providers Combined,Armenia,,Jan-20,median,,,18.93,18.62
All Providers Combined,Armenia,,Jan-20,mean,,,25.67,25.93
All Providers Combined,Belarus,,Jan-20,median,,,31.52,28.59
All Providers Combined,Belarus,,Jan-20,mean,,,50.94,43.37
All Providers Combined,Kazakhstan,,Jan-20,median,,,22.1,22.19
All Providers Combined,Kazakhstan,,Jan-20,mean,,,41.45,41.04
All Providers Combined,Kyrgyzstan,,Jan-20,median,,,23.02,25.58
All Providers Combined,Kyrgyzstan,,Jan-20,mean,,,29.69,32.16
All Providers Combined,Russia,,Jan-20,median,,,42.33,47.8
All Providers Combined,Russia,,Jan-20,mean,,,62.68,68.9
All Providers Combined,Tajikistan,,Jan-20,median,,,9.39,7.5
All Providers Combined,Tajikistan,,Jan-20,mean,,,22.75,23.82
All Providers Combined,Uzbekistan,,Jan-20,median,,,12.3,10.79
All Providers Combined,Uzbekistan,,Jan-20,mean,,,24.75,24.94
All Providers Combined,Azerbaijan,,Feb-20,median,,,9.92,10.36
All Providers Combined,Azerbaijan,,Feb-20,mean,,,20.24,22.39
All Providers Combined,Armenia,,Feb-20,median,,,19.37,18.77
All Providers Combined,Armenia,,Feb-20,mean,,,26.79,26.59
All Providers Combined,Belarus,,Feb-20,median,,,32.32,29.13
All Providers Combined,Belarus,,Feb-20,mean,,,52.58,44.74
All Providers Combined,Kazakhstan,,Feb-20,median,,,21.75,21.32
All Providers Combined,Kazakhstan,,Feb-20,mean,,,40.95,40.57
All Providers Combined,Kyrgyzstan,,Feb-20,median,,,24.29,26.59
All Providers Combined,Kyrgyzstan,,Feb-20,mean,,,32.1,36.12
All Providers Combined,Russia,,Feb-20,median,,,42.36,48.52
All Providers Combined,Russia,,Feb-20,mean,,,63.28,70.44
All Providers Combined,Tajikistan,,Feb-20,median,,,8.55,7.05
All Providers Combined,Tajikistan,,Feb-20,mean,,,23.41,23.9
All Providers Combined,Uzbekistan,,Feb-20,median,,,14.25,12.83
All Providers Combined,Uzbekistan,,Feb-20,mean,,,26.3,26.52
All Providers Combined,Azerbaijan,,Mar-20,median,,,9.51,9.86
All Providers Combined,Azerbaijan,,Mar-20,mean,,,19.93,21.54
All Providers Combined,Armenia,,Mar-20,median,,,19.48,19.2
All Providers Combined,Armenia,,Mar-20,mean,,,27.13,27.18
All Providers Combined,Belarus,,Mar-20,median,,,35.1,31.54
All Providers Combined,Belarus,,Mar-20,mean,,,58.12,47.89
All Providers Combined,Kazakhstan,,Mar-20,median,,,20.96,20.86
All Providers Combined,Kazakhstan,,Mar-20,mean,,,41.15,40.34
All Providers Combined,Kyrgyzstan,,Mar-20,median,,,21.77,24.79
All Providers Combined,Kyrgyzstan,,Mar-20,mean,,,29.27,31.04
All Providers Combined,Russia,,Mar-20,median,,,43.38,49.81
All Providers Combined,Russia,,Mar-20,mean,,,64.57,72.35
All Providers Combined,Tajikistan,,Mar-20,median,,,9.44,7.26
All Providers Combined,Tajikistan,,Mar-20,mean,,,24.51,24.55
All Providers Combined,Uzbekistan,,Mar-20,median,,,15.55,15.29
All Providers Combined,Uzbekistan,,Mar-20,mean,,,26.92,27.46
All Providers Combined,Azerbaijan,,Apr-20,median,,,8.94,8.76
All Providers Combined,Azerbaijan,,Apr-20,mean,,,19.77,20.91
All Providers Combined,Armenia,,Apr-20,median,,,19.25,18.75
All Providers Combined,Armenia,,Apr-20,mean,,,26.18,25.53
All Providers Combined,Belarus,,Apr-20,median,,,33.81,29.75
All Providers Combined,Belarus,,Apr-20,mean,,,55.95,45.77
All Providers Combined,Kazakhstan,,Apr-20,median,,,20.2,20.69
All Providers Combined,Kazakhstan,,Apr-20,mean,,,39.8,39.36
All Providers Combined,Kyrgyzstan,,Apr-20,median,,,23.67,25.32
All Providers Combined,Kyrgyzstan,,Apr-20,mean,,,31.43,29.02
All Providers Combined,Russia,,Apr-20,median,,,43.43,48.76
All Providers Combined,Russia,,Apr-20,mean,,,63.54,70.14
All Providers Combined,Tajikistan,,Apr-20,median,,,9.32,7.93
All Providers Combined,Tajikistan,,Apr-20,mean,,,24.16,24.51
All Providers Combined,Uzbekistan,,Apr-20,median,,,13.24,11.87
All Providers Combined,Uzbekistan,,Apr-20,mean,,,25.82,25.99
All Providers Combined,Azerbaijan,,May-20,median,,,9.83,9.99
All Providers Combined,Azerbaijan,,May-20,mean,,,20.82,22.26
All Providers Combined,Armenia,,May-20,median,,,19.38,18.5
All Providers Combined,Armenia,,May-20,mean,,,26.8,25.64
All Providers Combined,Belarus,,May-20,median,,,36.84,33.9
All Providers Combined,Belarus,,May-20,mean,,,59.62,49.65
All Providers Combined,Kazakhstan,,May-20,median,,,23.74,23.41
All Providers Combined,Kazakhstan,,May-20,mean,,,44.1,43.06
All Providers Combined,Kyrgyzstan,,May-20,median,,,26.77,26.65
All Providers Combined,Kyrgyzstan,,May-20,mean,,,35.77,33.04
All Providers Combined,Russia,,May-20,median,,,45.17,50.35
All Providers Combined,Russia,,May-20,mean,,,66.08,72.91
All Providers Combined,Tajikistan,,May-20,median,,,8.74,5.79
All Providers Combined,Tajikistan,,May-20,mean,,,24.1,25.24
All Providers Combined,Uzbekistan,,May-20,median,,,14.32,12.96
All Providers Combined,Uzbekistan,,May-20,mean,,,26.51,26.45
All Providers Combined,Azerbaijan,,Jun-20,median,,,9.82,10.09
All Providers Combined,Azerbaijan,,Jun-20,mean,,,21.24,22.87
All Providers Combined,Armenia,,Jun-20,median,,,19.54,18.95
All Providers Combined,Armenia,,Jun-20,mean,,,26.99,26.17
All Providers Combined,Belarus,,Jun-20,median,,,35.45,32.69
All Providers Combined,Belarus,,Jun-20,mean,,,56.23,47.53
All Providers Combined,Kazakhstan,,Jun-20,median,,,25.36,24.59
All Providers Combined,Kazakhstan,,Jun-20,mean,,,46.31,44.54
All Providers Combined,Kyrgyzstan,,Jun-20,median,,,28.14,28.93
All Providers Combined,Kyrgyzstan,,Jun-20,mean,,,40.26,38.12
All Providers Combined,Russia,,Jun-20,median,,,45.98,50.96
All Providers Combined,Russia,,Jun-20,mean,,,68.78,75.05
All Providers Combined,Tajikistan,,Jun-20,median,,,13.19,9.56
All Providers Combined,Tajikistan,,Jun-20,mean,,,27.59,29.95
All Providers Combined,Uzbekistan,,Jun-20,median,,,17.48,15.79
All Providers Combined,Uzbekistan,,Jun-20,mean,,,28.52,27.53
All Providers Combined,Azerbaijan,,Jul-20,median,,,9.03,9.18
All Providers Combined,Azerbaijan,,Jul-20,mean,,,21.27,22.43
All Providers Combined,Armenia,,Jul-20,median,,,20.79,19.89
All Providers Combined,Armenia,,Jul-20,mean,,,29.27,27.67
All Providers Combined,Belarus,,Jul-20,median,,,38.54,34.56
All Providers Combined,Belarus,,Jul-20,mean,,,64.9,50
All Providers Combined,Kazakhstan,,Jul-20,median,,,23.58,22.93
All Providers Combined,Kazakhstan,,Jul-20,mean,,,46.51,43.15
All Providers Combined,Kyrgyzstan,,Jul-20,median,,,29.25,27.99
All Providers Combined,Kyrgyzstan,,Jul-20,mean,,,41.48,35.73
All Providers Combined,Russia,,Jul-20,median,,,47.51,51.77
All Providers Combined,Russia,,Jul-20,mean,,,73.16,77.51
All Providers Combined,Tajikistan,,Jul-20,median,,,16.96,15.63
All Providers Combined,Tajikistan,,Jul-20,mean,,,30.69,31.79
All Providers Combined,Uzbekistan,,Jul-20,median,,,19.02,17.67
All Providers Combined,Uzbekistan,,Jul-20,mean,,,30.14,29.04
All Providers Combined,Azerbaijan,,Aug-20,median,,,9.97,10.31
All Providers Combined,Azerbaijan,,Aug-20,mean,,,22.29,23.48
All Providers Combined,Armenia,,Aug-20,median,,,22.13,20.21
All Providers Combined,Armenia,,Aug-20,mean,,,30.49,28.51
All Providers Combined,Belarus,,Aug-20,median,,,43.11,37.38
All Providers Combined,Belarus,,Aug-20,mean,,,70.84,51.51
All Providers Combined,Kazakhstan,,Aug-20,median,,,24.43,23.7
All Providers Combined,Kazakhstan,,Aug-20,mean,,,47.43,44.26
All Providers Combined,Kyrgyzstan,,Aug-20,median,,,31.14,29.25
All Providers Combined,Kyrgyzstan,,Aug-20,mean,,,42.29,37.36
All Providers Combined,Russia,,Aug-20,median,,,49.1,53.72
All Providers Combined,Russia,,Aug-20,mean,,,75.91,80.13
All Providers Combined,Tajikistan,,Aug-20,median,,,16.75,16.86
All Providers Combined,Tajikistan,,Aug-20,mean,,,32.61,34.64
All Providers Combined,Uzbekistan,,Aug-20,median,,,18.41,16.64
All Providers Combined,Uzbekistan,,Aug-20,mean,,,29.8,28.29
All Providers Combined,Azerbaijan,,Sep-20,median,,,12.47,13.8
All Providers Combined,Azerbaijan,,Sep-20,mean,,,23.48,25.22
All Providers Combined,Armenia,,Sep-20,median,,,22.45,20.1
All Providers Combined,Armenia,,Sep-20,mean,,,31.98,29.56
All Providers Combined,Belarus,,Sep-20,median,,,37.86,32.34
All Providers Combined,Belarus,,Sep-20,mean,,,64.44,47.46
All Providers Combined,Kazakhstan,,Sep-20,median,,,25.32,24.9
All Providers Combined,Kazakhstan,,Sep-20,mean,,,49.12,46.06
All Providers Combined,Kyrgyzstan,,Sep-20,median,,,32.73,30.94
All Providers Combined,Kyrgyzstan,,Sep-20,mean,,,44.47,40.25
All Providers Combined,Russia,,Sep-20,median,,,50.01,54.85
All Providers Combined,Russia,,Sep-20,mean,,,77.51,81.71
All Providers Combined,Tajikistan,,Sep-20,median,,,20.03,16.95
All Providers Combined,Tajikistan,,Sep-20,mean,,,34.68,33.31
All Providers Combined,Uzbekistan,,Sep-20,median,,,18.25,17.23
All Providers Combined,Uzbekistan,,Sep-20,mean,,,30.5,29.85
All Providers Combined,Azerbaijan,,Oct-20,median,,,16.45,18.22
All Providers Combined,Azerbaijan,,Oct-20,mean,,,27.83,29.71
All Providers Combined,Armenia,,Oct-20,median,,,22.06,19.98
All Providers Combined,Armenia,,Oct-20,mean,,,31.29,28.59
All Providers Combined,Belarus,,Oct-20,median,,,39.62,33.45
All Providers Combined,Belarus,,Oct-20,mean,,,67.37,49.35
All Providers Combined,Kazakhstan,,Oct-20,median,,,25.49,24.89
All Providers Combined,Kazakhstan,,Oct-20,mean,,,50.74,47.53
All Providers Combined,Kyrgyzstan,,Oct-20,median,,,29.8,29.82
All Providers Combined,Kyrgyzstan,,Oct-20,mean,,,42.73,38.57
All Providers Combined,Russia,,Oct-20,median,,,49.87,55.05
All Providers Combined,Russia,,Oct-20,mean,,,78.07,82.26
All Providers Combined,Tajikistan,,Oct-20,median,,,13.53,10.19
All Providers Combined,Tajikistan,,Oct-20,mean,,,29.8,28.65
All Providers Combined,Uzbekistan,,Oct-20,median,,,17.13,18.54
All Providers Combined,Uzbekistan,,Oct-20,mean,,,29.68,30.08
All Providers Combined,Azerbaijan,,Nov-20,median,,,11.91,14.66
All Providers Combined,Azerbaijan,,Nov-20,mean,,,23.04,25.59
All Providers Combined,Armenia,,Nov-20,median,,,21.47,20.1
All Providers Combined,Armenia,,Nov-20,mean,,,30.75,28.11
All Providers Combined,Belarus,,Nov-20,median,,,38.77,34.77
All Providers Combined,Belarus,,Nov-20,mean,,,65.97,51.09
All Providers Combined,Kazakhstan,,Nov-20,median,,,24.9,24.3
All Providers Combined,Kazakhstan,,Nov-20,mean,,,50.71,48.15
All Providers Combined,Kyrgyzstan,,Nov-20,median,,,31.35,29.77
All Providers Combined,Kyrgyzstan,,Nov-20,mean,,,43.63,39.08
All Providers Combined,Russia,,Nov-20,median,,,50.94,56.25
All Providers Combined,Russia,,Nov-20,mean,,,79.21,83.53
All Providers Combined,Tajikistan,,Nov-20,median,,,20.91,22.13
All Providers Combined,Tajikistan,,Nov-20,mean,,,32.17,34.15
All Providers Combined,Uzbekistan,,Nov-20,median,,,18.4,19.31
All Providers Combined,Uzbekistan,,Nov-20,mean,,,32.39,32.55
All Providers Combined,Azerbaijan,,Dec-20,median,,,11.1,12.59
All Providers Combined,Azerbaijan,,Dec-20,mean,,,22.17,24.21
All Providers Combined,Armenia,,Dec-20,median,,,24.22,21.74
All Providers Combined,Armenia,,Dec-20,mean,,,33.38,30.96
All Providers Combined,Belarus,,Dec-20,median,,,40.23,36.23
All Providers Combined,Belarus,,Dec-20,mean,,,67.92,52.24
All Providers Combined,Kazakhstan,,Dec-20,median,,,25.73,25.73
All Providers Combined,Kazakhstan,,Dec-20,mean,,,52.41,49.99
All Providers Combined,Kyrgyzstan,,Dec-20,median,,,30.38,29.82
All Providers Combined,Kyrgyzstan,,Dec-20,mean,,,42.95,38.97
All Providers Combined,Russia,,Dec-20,median,,,51.84,58.01
All Providers Combined,Russia,,Dec-20,mean,,,80.86,85.29
All Providers Combined,Tajikistan,,Dec-20,median,,,20.71,21.14
All Providers Combined,Tajikistan,,Dec-20,mean,,,33.55,35.62
All Providers Combined,Uzbekistan,,Dec-20,median,,,20.27,19.34
All Providers Combined,Uzbekistan,,Dec-20,mean,,,33.2,32.92
All Providers Combined,Azerbaijan,,Jan-21,median,,,11.7,13.07
All Providers Combined,Azerbaijan,,Jan-21,mean,,,22.82,24.65
All Providers Combined,Armenia,,Jan-21,median,,,25.69,24.08
All Providers Combined,Armenia,,Jan-21,mean,,,35.16,33.25
All Providers Combined,Belarus,,Jan-21,median,,,40.28,35.92
All Providers Combined,Belarus,,Jan-21,mean,,,67.61,51.25
All Providers Combined,Kazakhstan,,Jan-21,median,,,26.76,26.29
All Providers Combined,Kazakhstan,,Jan-21,mean,,,53.18,50.61
All Providers Combined,Kyrgyzstan,,Jan-21,median,,,32.54,30.41
All Providers Combined,Kyrgyzstan,,Jan-21,mean,,,44.34,39.13
All Providers Combined,Russia,,Jan-21,median,,,52.52,57.77
All Providers Combined,Russia,,Jan-21,mean,,,81.36,85.15
All Providers Combined,Tajikistan,,Jan-21,median,,,16.28,15.2
All Providers Combined,Tajikistan,,Jan-21,mean,,,33,31.81
All Providers Combined,Uzbekistan,,Jan-21,median,,,21.8,20.83
All Providers Combined,Uzbekistan,,Jan-21,mean,,,34.72,34.43
All Providers Combined,Azerbaijan,,Feb-21,median,,,12.62,13.69
All Providers Combined,Azerbaijan,,Feb-21,mean,,,23.42,25.59
All Providers Combined,Armenia,,Feb-21,median,,,23.71,22.01
All Providers Combined,Armenia,,Feb-21,mean,,,32,30.83
All Providers Combined,Belarus,,Feb-21,median,,,39.61,34.92
All Providers Combined,Belarus,,Feb-21,mean,,,65.56,49.21
All Providers Combined,Kazakhstan,,Feb-21,median,,,27.22,27.05
All Providers Combined,Kazakhstan,,Feb-21,mean,,,53.04,51
All Providers Combined,Kyrgyzstan,,Feb-21,median,,,33.67,31.82
All Providers Combined,Kyrgyzstan,,Feb-21,mean,,,47.17,42.54
All Providers Combined,Russia,,Feb-21,median,,,52.35,57.72
All Providers Combined,Russia,,Feb-21,mean,,,82,85.91
All Providers Combined,Tajikistan,,Feb-21,median,,,20.27,19.16
All Providers Combined,Tajikistan,,Feb-21,mean,,,35.86,35.66
All Providers Combined,Uzbekistan,,Feb-21,median,,,22.38,21.91
All Providers Combined,Uzbekistan,,Feb-21,mean,,,36.89,36.87
All Providers Combined,Azerbaijan,,Mar-21,median,,,11.38,12.52
All Providers Combined,Azerbaijan,,Mar-21,mean,,,22.78,24.78
All Providers Combined,Armenia,,Mar-21,median,,,23.37,21.27
All Providers Combined,Armenia,,Mar-21,mean,,,32.36,30.82
All Providers Combined,Belarus,,Mar-21,median,,,40.41,35.99
All Providers Combined,Belarus,,Mar-21,mean,,,66.86,51.01
All Providers Combined,Kazakhstan,,Mar-21,median,,,28.87,28.89
All Providers Combined,Kazakhstan,,Mar-21,mean,,,55.55,52.97
All Providers Combined,Kyrgyzstan,,Mar-21,median,,,35.52,33.24
All Providers Combined,Kyrgyzstan,,Mar-21,mean,,,46.93,43.97
All Providers Combined,Russia,,Mar-21,median,,,53.62,59.34
All Providers Combined,Russia,,Mar-21,mean,,,83.72,87.52
All Providers Combined,Tajikistan,,Mar-21,median,,,18.48,17.67
All Providers Combined,Tajikistan,,Mar-21,mean,,,32.89,34.12
All Providers Combined,Uzbekistan,,Mar-21,median,,,23.74,21.37
All Providers Combined,Uzbekistan,,Mar-21,mean,,,36.62,36.13
All Providers Combined,Azerbaijan,,Apr-21,median,,,12.22,12.85
All Providers Combined,Azerbaijan,,Apr-21,mean,,,24.21,25.6
All Providers Combined,Armenia,,Apr-21,median,,,25.16,21.78
All Providers Combined,Armenia,,Apr-21,mean,,,33.87,31.43
All Providers Combined,Belarus,,Apr-21,median,,,41.81,37.25
All Providers Combined,Belarus,,Apr-21,mean,,,68.78,53.08
All Providers Combined,Kazakhstan,,Apr-21,median,,,29.39,28.42
All Providers Combined,Kazakhstan,,Apr-21,mean,,,56.2,53.27
All Providers Combined,Kyrgyzstan,,Apr-21,median,,,38.71,34.99
All Providers Combined,Kyrgyzstan,,Apr-21,mean,,,48.16,45.33
All Providers Combined,Russia,,Apr-21,median,,,55.29,60.54
All Providers Combined,Russia,,Apr-21,mean,,,87.08,89.96
All Providers Combined,Tajikistan,,Apr-21,median,,,19.22,18.49
All Providers Combined,Tajikistan,,Apr-21,mean,,,33.54,34.69
All Providers Combined,Uzbekistan,,Apr-21,median,,,27.43,23
All Providers Combined,Uzbekistan,,Apr-21,mean,,,39.31,37.7
All Providers Combined,Azerbaijan,,May-21,median,,,10.74,11
All Providers Combined,Azerbaijan,,May-21,mean,,,23.26,24.61
All Providers Combined,Armenia,,May-21,median,,,25.55,21.84
All Providers Combined,Armenia,,May-21,mean,,,34.58,32.16
All Providers Combined,Belarus,,May-21,median,,,39.08,35.1
All Providers Combined,Belarus,,May-21,mean,,,65.52,50.91
All Providers Combined,Kazakhstan,,May-21,median,,,31.12,30
All Providers Combined,Kazakhstan,,May-21,mean,,,58.34,55.2
All Providers Combined,Kyrgyzstan,,May-21,median,,,38.91,34.54
All Providers Combined,Kyrgyzstan,,May-21,mean,,,46.33,45.37
All Providers Combined,Russia,,May-21,median,,,56.51,61.78
All Providers Combined,Russia,,May-21,mean,,,88.65,91.35
All Providers Combined,Tajikistan,,May-21,median,,,18.61,15.6
All Providers Combined,Tajikistan,,May-21,mean,,,35.51,34.02
All Providers Combined,Uzbekistan,,May-21,median,,,29.61,26.73
All Providers Combined,Uzbekistan,,May-21,mean,,,40.62,39.2
All Providers Combined,Azerbaijan,,Jun-21,median,,,13.12,14.37
All Providers Combined,Azerbaijan,,Jun-21,mean,,,25.59,27.39
All Providers Combined,Armenia,,Jun-21,median,,,26.37,22.01
All Providers Combined,Armenia,,Jun-21,mean,,,35.94,32.8
All Providers Combined,Belarus,,Jun-21,median,,,39.16,33.5
All Providers Combined,Belarus,,Jun-21,mean,,,62.67,48.25
All Providers Combined,Kazakhstan,,Jun-21,median,,,33.1,32.25
All Providers Combined,Kazakhstan,,Jun-21,mean,,,62.17,58.9
All Providers Combined,Kyrgyzstan,,Jun-21,median,,,40.27,35.83
All Providers Combined,Kyrgyzstan,,Jun-21,mean,,,48.57,48.42
All Providers Combined,Russia,,Jun-21,median,,,56.12,61.68
All Providers Combined,Russia,,Jun-21,mean,,,88.97,91.53
All Providers Combined,Tajikistan,,Jun-21,median,,,18.64,16.9
All Providers Combined,Tajikistan,,Jun-21,mean,,,33.4,35.56
All Providers Combined,Uzbekistan,,Jun-21,median,,,30.44,30.73
All Providers Combined,Uzbekistan,,Jun-21,mean,,,44.36,44.51
All Providers Combined,Azerbaijan,,Jul-21,median,,,12.81,14.13
All Providers Combined,Azerbaijan,,Jul-21,mean,,,24.08,25.96
All Providers Combined,Armenia,,Jul-21,median,,,26.37,21.83
All Providers Combined,Armenia,,Jul-21,mean,,,36.25,33.2
All Providers Combined,Belarus,,Jul-21,median,,,39.43,35.83
All Providers Combined,Belarus,,Jul-21,mean,,,65.61,51.46
All Providers Combined,Kazakhstan,,Jul-21,median,,,31.81,31.57
All Providers Combined,Kazakhstan,,Jul-21,mean,,,59.94,56.91
All Providers Combined,Kyrgyzstan,,Jul-21,median,,,40.29,34.75
All Providers Combined,Kyrgyzstan,,Jul-21,mean,,,47.73,44.91
All Providers Combined,Russia,,Jul-21,median,,,56.32,62.18
All Providers Combined,Russia,,Jul-21,mean,,,90.33,92.79
All Providers Combined,Tajikistan,,Jul-21,median,,,16.97,14.97
All Providers Combined,Tajikistan,,Jul-21,mean,,,32.37,33.65
All Providers Combined,Uzbekistan,,Jul-21,median,,,29.42,30.86
All Providers Combined,Uzbekistan,,Jul-21,mean,,,40.9,42.47
All Providers Combined,Azerbaijan,,Aug-21,median,,,13.62,14.98
All Providers Combined,Azerbaijan,,Aug-21,mean,,,25.36,27.25
All Providers Combined,Armenia,,Aug-21,median,,,26.7,22.3
All Providers Combined,Armenia,,Aug-21,mean,,,37.21,33.77
All Providers Combined,Belarus,,Aug-21,median,,,41.78,38.4
All Providers Combined,Belarus,,Aug-21,mean,,,68.84,53.46
All Providers Combined,Kazakhstan,,Aug-21,median,,,32.95,31.81
All Providers Combined,Kazakhstan,,Aug-21,mean,,,61.05,57.9
All Providers Combined,Kyrgyzstan,,Aug-21,median,,,39.96,36.22
All Providers Combined,Kyrgyzstan,,Aug-21,mean,,,47.91,46.62
All Providers Combined,Russia,,Aug-21,median,,,58.91,64.94
All Providers Combined,Russia,,Aug-21,mean,,,93.37,96.19
All Providers Combined,Tajikistan,,Aug-21,median,,,18.8,16.28
All Providers Combined,Tajikistan,,Aug-21,mean,,,33.85,34.43
All Providers Combined,Uzbekistan,,Aug-21,median,,,28.11,31.37
All Providers Combined,Uzbekistan,,Aug-21,mean,,,40.64,43.32
All Providers Combined,Azerbaijan,,Sep-21,median,,,14.5,15.34
All Providers Combined,Azerbaijan,,Sep-21,mean,,,25.1,26.88
All Providers Combined,Armenia,,Sep-21,median,,,28.39,22.9
All Providers Combined,Armenia,,Sep-21,mean,,,38.95,34.81
All Providers Combined,Belarus,,Sep-21,median,,,43.15,39.36
All Providers Combined,Belarus,,Sep-21,mean,,,69.41,54.91
All Providers Combined,Kazakhstan,,Sep-21,median,,,34.38,33.04
All Providers Combined,Kazakhstan,,Sep-21,mean,,,63.28,59.75
All Providers Combined,Kyrgyzstan,,Sep-21,median,,,42.62,39.18
All Providers Combined,Kyrgyzstan,,Sep-21,mean,,,51.07,50.84
All Providers Combined,Russia,,Sep-21,median,,,60.83,67.09
All Providers Combined,Russia,,Sep-21,mean,,,95.96,98.08
All Providers Combined,Tajikistan,,Sep-21,median,,,16.91,15.46
All Providers Combined,Tajikistan,,Sep-21,mean,,,35.45,37.22
All Providers Combined,Uzbekistan,,Sep-21,median,,,32.24,33.46
All Providers Combined,Uzbekistan,,Sep-21,mean,,,45.88,46.94
All Providers Combined,Azerbaijan,,Oct-21,median,,,15.48,16.48
All Providers Combined,Azerbaijan,,Oct-21,mean,,,26.22,28.1
All Providers Combined,Armenia,,Oct-21,median,,,28.32,23.5
All Providers Combined,Armenia,,Oct-21,mean,,,37.99,34.58
All Providers Combined,Belarus,,Oct-21,median,,,44.47,40.45
All Providers Combined,Belarus,,Oct-21,mean,,,71.74,55.21
All Providers Combined,Kazakhstan,,Oct-21,median,,,35.26,34.06
All Providers Combined,Kazakhstan,,Oct-21,mean,,,62.04,58.82
All Providers Combined,Kyrgyzstan,,Oct-21,median,,,43.51,40.73
All Providers Combined,Kyrgyzstan,,Oct-21,mean,,,50.64,51.12
All Providers Combined,Russia,,Oct-21,median,,,61.7,68.12
All Providers Combined,Russia,,Oct-21,mean,,,96.15,98.7
All Providers Combined,Tajikistan,,Oct-21,median,,,18.15,15.62
All Providers Combined,Tajikistan,,Oct-21,mean,,,32.96,33.49
All Providers Combined,Uzbekistan,,Oct-21,median,,,33.28,32.82
All Providers Combined,Uzbekistan,,Oct-21,mean,,,46.94,45.76
All Providers Combined,Azerbaijan,,Nov-21,median,,,16.47,17.34
All Providers Combined,Azerbaijan,,Nov-21,mean,,,26.88,28.57
All Providers Combined,Armenia,,Nov-21,median,,,27.93,23.95
All Providers Combined,Armenia,,Nov-21,mean,,,39.34,36.97
All Providers Combined,Belarus,,Nov-21,median,,,48.39,43.26
All Providers Combined,Belarus,,Nov-21,mean,,,76.91,58.69
All Providers Combined,Kazakhstan,,Nov-21,median,,,35.26,34.03
All Providers Combined,Kazakhstan,,Nov-21,mean,,,63.29,59.92
All Providers Combined,Kyrgyzstan,,Nov-21,median,,,43.86,39.95
All Providers Combined,Kyrgyzstan,,Nov-21,mean,,,51,49.96
All Providers Combined,Russia,,Nov-21,median,,,61.65,68.41
All Providers Combined,Russia,,Nov-21,mean,,,96.46,99.2
All Providers Combined,Tajikistan,,Nov-21,median,,,16.63,14.75
All Providers Combined,Tajikistan,,Nov-21,mean,,,32.9,34.22
All Providers Combined,Uzbekistan,,Nov-21,median,,,36.23,35.02
All Providers Combined,Uzbekistan,,Nov-21,mean,,,49.88,47.21
All Providers Combined,Azerbaijan,,Dec-21,median,,,17.24,18.26
All Providers Combined,Azerbaijan,,Dec-21,mean,,,27.76,29.49
All Providers Combined,Armenia,,Dec-21,median,,,31.21,27.62
All Providers Combined,Armenia,,Dec-21,mean,,,49.46,45.19
All Providers Combined,Belarus,,Dec-21,median,,,44.41,40.32
All Providers Combined,Belarus,,Dec-21,mean,,,72.61,56.86
All Providers Combined,Kazakhstan,,Dec-21,median,,,34.03,33
All Providers Combined,Kazakhstan,,Dec-21,mean,,,63.59,60.18
All Providers Combined,Kyrgyzstan,,Dec-21,median,,,43.15,41.5
All Providers Combined,Kyrgyzstan,,Dec-21,mean,,,49.91,49.97
All Providers Combined,Russia,,Dec-21,median,,,63.13,70.06
All Providers Combined,Russia,,Dec-21,mean,,,98.98,101.68
All Providers Combined,Tajikistan,,Dec-21,median,,,16.62,14.01
All Providers Combined,Tajikistan,,Dec-21,mean,,,33.93,34.07
All Providers Combined,Uzbekistan,,Dec-21,median,,,38.09,36.53
All Providers Combined,Uzbekistan,,Dec-21,mean,,,53.42,48.68
All Providers Combined,Azerbaijan,,Jan-22,median,15.1121,8.125,17.46,18.12
All Providers Combined,Azerbaijan,,Jan-22,mean,64,54,27,28.49
All Providers Combined,Armenia,,Jan-22,median,7.6944,3.9,34.26,29.53
All Providers Combined,Armenia,,Jan-22,mean,46,39,57.11,49.75
All Providers Combined,Belarus,,Jan-22,median,21.2342,6.4715,45.59,39.96
All Providers Combined,Belarus,,Jan-22,mean,69,50,73.18,55.71
All Providers Combined,Kazakhstan,,Jan-22,median,30.0775,7.8653,33.75,32.85
All Providers Combined,Kazakhstan,,Jan-22,mean,68,46,63.46,59.06
All Providers Combined,Kyrgyzstan,,Jan-22,median,8.3889,3.9625,43.1,40.03
All Providers Combined,Kyrgyzstan,,Jan-22,mean,43,37,49.03,47.98
All Providers Combined,Russia,,Jan-22,median,16.1167,4.6722,64.01,70.02
All Providers Combined,Russia,,Jan-22,mean,57,42,100.05,102.25
All Providers Combined,Tajikistan,,Jan-22,median,12.7917,7.0042,16.97,13.13
All Providers Combined,Tajikistan,,Jan-22,mean,81,55,31.07,31.86
All Providers Combined,Uzbekistan,,Jan-22,median,14.0805,4.5199,36.75,36.06
All Providers Combined,Uzbekistan,,Jan-22,mean,65,47,52.27,47.78
All Providers Combined,Azerbaijan,,Feb-22,median,14.2889,7.7167,18.7,19.51
All Providers Combined,Azerbaijan,,Feb-22,mean,65,55,28.5,30.02
All Providers Combined,Armenia,,Feb-22,median,7.4974,3.625,35.22,30.82
All Providers Combined,Armenia,,Feb-22,mean,48,42,61.23,53.05
All Providers Combined,Belarus,,Feb-22,median,19.8444,6.3,46.19,40.45
All Providers Combined,Belarus,,Feb-22,mean,67,51,74.78,56.68
All Providers Combined,Kazakhstan,,Feb-22,median,25.5667,7.1333,32.81,30.9
All Providers Combined,Kazakhstan,,Feb-22,mean,65,46,61.21,58.21
All Providers Combined,Kyrgyzstan,,Feb-22,median,7.8689,3.7625,43.67,41.68
All Providers Combined,Kyrgyzstan,,Feb-22,mean,44,38,50.02,50.36
All Providers Combined,Russia,,Feb-22,median,15.7803,4.5625,65.84,72.27
All Providers Combined,Russia,,Feb-22,mean,54,41,102.34,104.85
All Providers Combined,Tajikistan,,Feb-22,median,12.45,7.2328,19.84,20.83
All Providers Combined,Tajikistan,,Feb-22,mean,73,51,35.54,39.04
All Providers Combined,Uzbekistan,,Feb-22,median,15.1637,4.25,37.77,36.62
All Providers Combined,Uzbekistan,,Feb-22,mean,66,47,54.83,49.06
All Providers Combined,Azerbaijan,,Mar-22,median,13.2667,7.3583,19.93,21.16
All Providers Combined,Azerbaijan,,Mar-22,mean,63,52,30.45,32.99
All Providers Combined,Armenia,,Mar-22,median,7.6778,3.9,34.8,31.15
All Providers Combined,Armenia,,Mar-22,mean,46,39,61.2,53.35
All Providers Combined,Belarus,,Mar-22,median,20.3222,6,47.41,42.23
All Providers Combined,Belarus,,Mar-22,mean,63,47,75.34,57.02
All Providers Combined,Kazakhstan,,Mar-22,median,24.8988,6.5083,34.76,32.57
All Providers Combined,Kazakhstan,,Mar-22,mean,61,43,64.92,61.14
All Providers Combined,Kyrgyzstan,,Mar-22,median,7.1986,3.3417,45.31,42.63
All Providers Combined,Kyrgyzstan,,Mar-22,mean,39,34,52.99,53.77
All Providers Combined,Russia,,Mar-22,median,13.1383,2.9125,70.82,76.18
All Providers Combined,Russia,,Mar-22,mean,33,22,105.42,106.43
All Providers Combined,Tajikistan,,Mar-22,median,10.8556,6.3375,18.58,17.94
All Providers Combined,Tajikistan,,Mar-22,mean,73,48,33.16,35.61
All Providers Combined,Uzbekistan,,Mar-22,median,15.3433,4.3917,38.4,33.56
All Providers Combined,Uzbekistan,,Mar-22,mean,62,43,56.29,52.26
All Providers Combined,Azerbaijan,,Apr-22,median,13.2667,7.925,20.28,21.9
All Providers Combined,Azerbaijan,,Apr-22,mean,63,54,30.37,32.45
All Providers Combined,Armenia,,Apr-22,median,7.9202,3.8935,36.44,31.85
All Providers Combined,Armenia,,Apr-22,mean,46,39,65.02,54.92
All Providers Combined,Belarus,,Apr-22,median,21.3778,6.6417,47.81,42.02
All Providers Combined,Belarus,,Apr-22,mean,68,51,76.98,57.5
All Providers Combined,Kazakhstan,,Apr-22,median,25.7167,6.4375,34.3,31.54
All Providers Combined,Kazakhstan,,Apr-22,mean,66,45,62.96,59.46
All Providers Combined,Kyrgyzstan,,Apr-22,median,7.2889,3.1083,47.19,44.16
All Providers Combined,Kyrgyzstan,,Apr-22,mean,42,34,52.85,53.09
All Providers Combined,Russia,,Apr-22,median,13.6995,2.9625,69.23,74.43
All Providers Combined,Russia,,Apr-22,mean,35,21,104.23,105.56
All Providers Combined,Tajikistan,,Apr-22,median,12.5611,7.125,20.74,20.17
All Providers Combined,Tajikistan,,Apr-22,mean,76,53,37.4,39.2
All Providers Combined,Uzbekistan,,Apr-22,median,15.3286,4.3169,39.76,40.32
All Providers Combined,Uzbekistan,,Apr-22,mean,65,45,55.92,70.11
All Providers Combined,Azerbaijan,,May-22,median,14.7167,9.3287,21.01,22.96
All Providers Combined,Azerbaijan,,May-22,mean,56,45,30.74,32.56
All Providers Combined,Armenia,,May-22,median,7.1776,3.6052,36.59,32.57
All Providers Combined,Armenia,,May-22,mean,38,32,64.69,56.3
All Providers Combined,Belarus,,May-22,median,19.7778,6.0833,47.88,42.1
All Providers Combined,Belarus,,May-22,mean,59,44,75.88,57.2
All Providers Combined,Kazakhstan,,May-22,median,25.0167,6.475,35.61,33.74
All Providers Combined,Kazakhstan,,May-22,mean,60,40,65.82,62.61
All Providers Combined,Kyrgyzstan,,May-22,median,7.375,3.35,46.38,42.94
All Providers Combined,Kyrgyzstan,,May-22,mean,40,34,53.12,52.41
All Providers Combined,Russia,,May-22,median,13.5843,3.0934,68.77,74.36
All Providers Combined,Russia,,May-22,mean,33,21,104.56,106.27
All Providers Combined,Tajikistan,,May-22,median,13.7379,7.9183,20.44,19.07
All Providers Combined,Tajikistan,,May-22,mean,73,48,38.06,39.48
All Providers Combined,Uzbekistan,,May-22,median,15.8444,4.85,40.16,37.92
All Providers Combined,Uzbekistan,,May-22,mean,58,40,56.4,65.39
All Providers Combined,Azerbaijan,,Jun-22,median,13.5583,8.7586,22,23.66
All Providers Combined,Azerbaijan,,Jun-22,mean,54,42,31.58,32.48
All Providers Combined,Armenia,,Jun-22,median,7.266,3.5907,36.69,32.83
All Providers Combined,Armenia,,Jun-22,mean,39,31,69,59.85
All Providers Combined,Belarus,,Jun-22,median,19.7634,6.5,46.49,41.13
All Providers Combined,Belarus,,Jun-22,mean,62,46,75.65,56.24
All Providers Combined,Kazakhstan,,Jun-22,median,26.0239,6.8048,36.26,33.84
All Providers Combined,Kazakhstan,,Jun-22,mean,62,41,67.29,63.31
All Providers Combined,Kyrgyzstan,,Jun-22,median,7.4884,3.5083,46.65,43.95
All Providers Combined,Kyrgyzstan,,Jun-22,mean,38,33,53.26,52.98
All Providers Combined,Russia,,Jun-22,median,13.9935,3.007,70.79,76.23
All Providers Combined,Russia,,Jun-22,mean,33,20,106.66,107.57
All Providers Combined,Tajikistan,,Jun-22,median,11.1705,7.6891,21.03,19.43
All Providers Combined,Tajikistan,,Jun-22,mean,72,47,39.38,41.1
All Providers Combined,Uzbekistan,,Jun-22,median,15.7816,5.2667,41.4,42.52
All Providers Combined,Uzbekistan,,Jun-22,mean,60,40,58.08,74.52
All Providers Combined,Azerbaijan,,Jul-22,median,16.3821,10.7483,20.91,22.13
All Providers Combined,Azerbaijan,,Jul-22,mean,59,47,30.42,31.26
All Providers Combined,Armenia,,Jul-22,median,6.7556,3.3502,37.99,34.98
All Providers Combined,Armenia,,Jul-22,mean,33,30,67.81,63.57
All Providers Combined,Belarus,,Jul-22,median,23.8988,7.5625,43.47,38.84
All Providers Combined,Belarus,,Jul-22,mean,69,49,72.03,54.43
All Providers Combined,Kazakhstan,,Jul-22,median,25.35,6.375,39.32,38.56
All Providers Combined,Kazakhstan,,Jul-22,mean,59,39,70.05,66.62
All Providers Combined,Kyrgyzstan,,Jul-22,median,8.6154,3.7291,44.26,42.36
All Providers Combined,Kyrgyzstan,,Jul-22,mean,41,33,51.5,51.89
All Providers Combined,Russia,,Jul-22,median,13.9824,3.1917,70.41,76.01
All Providers Combined,Russia,,Jul-22,mean,34,21,106.87,107.63
All Providers Combined,Tajikistan,,Jul-22,median,13.7547,6.3867,27.53,30.21
All Providers Combined,Tajikistan,,Jul-22,mean,73,52,48.91,71.69
All Providers Combined,Uzbekistan,,Jul-22,median,15.238,5.175,40.91,42.51
All Providers Combined,Uzbekistan,,Jul-22,mean,53,36,57.75,74.93
All Providers Combined,Azerbaijan,,Aug-22,median,15.0946,10.5658,22.15,22.89
All Providers Combined,Azerbaijan,,Aug-22,mean,57,47,31.2,31.49
All Providers Combined,Armenia,,Aug-22,median,7.0667,3.4408,37.22,34.23
All Providers Combined,Armenia,,Aug-22,mean,35,30,64.05,62.19
All Providers Combined,Belarus,,Aug-22,median,20.265,5.6667,51.3,45.44
All Providers Combined,Belarus,,Aug-22,mean,58,42,81.18,59.89
All Providers Combined,Kazakhstan,,Aug-22,median,23.75,6.4091,38.22,37.44
All Providers Combined,Kazakhstan,,Aug-22,mean,59,40,70.58,67.41
All Providers Combined,Kyrgyzstan,,Aug-22,median,8.8277,3.7133,48.46,44.5
All Providers Combined,Kyrgyzstan,,Aug-22,mean,38,30,54.01,53.65
All Providers Combined,Russia,,Aug-22,median,13.2417,3.1583,71.86,77.74
All Providers Combined,Russia,,Aug-22,mean,33,21,109.18,110.12
All Providers Combined,Tajikistan,,Aug-22,median,14.4264,6.5069,31.78,35.34
All Providers Combined,Tajikistan,,Aug-22,mean,68,47,52.85,79.29
All Providers Combined,Uzbekistan,,Aug-22,median,15.8154,5.2041,41.84,43.11
All Providers Combined,Uzbekistan,,Aug-22,mean,57,38,59.15,76.5
All Providers Combined,Azerbaijan,,Sep-22,median,12.2,8.2813,26.33,27.32
All Providers Combined,Azerbaijan,,Sep-22,mean,51,43,36.73,37.42
All Providers Combined,Armenia,,Sep-22,median,7.0625,3.4279,37.02,34.5
All Providers Combined,Armenia,,Sep-22,mean,36,31,65.03,63.59
All Providers Combined,Belarus,,Sep-22,median,17.8444,5.9269,51.41,45.87
All Providers Combined,Belarus,,Sep-22,mean,59,45,80.1,60.39
All Providers Combined,Kazakhstan,,Sep-22,median,21.5461,5.7083,40.96,39.02
All Providers Combined,Kazakhstan,,Sep-22,mean,57,39,72.61,69.82
All Providers Combined,Kyrgyzstan,,Sep-22,median,7.2834,3.5354,45.11,44.08
All Providers Combined,Kyrgyzstan,,Sep-22,mean,39,33,51.74,53.25
All Providers Combined,Russia,,Sep-22,median,12.5667,3.1375,73.26,79.71
All Providers Combined,Russia,,Sep-22,mean,32,21,110.44,112.4
All Providers Combined,Tajikistan,,Sep-22,median,14.6778,7.7725,23.73,24.58
All Providers Combined,Tajikistan,,Sep-22,mean,74,55,44.5,62.85
All Providers Combined,Uzbekistan,,Sep-22,median,15.4333,5.1182,43.01,44.63
All Providers Combined,Uzbekistan,,Sep-22,mean,57,39,63.25,81.48
All Providers Combined,Azerbaijan,,Oct-22,median,11.7916,7.9162,26.19,27.41
All Providers Combined,Azerbaijan,,Oct-22,mean,52,43,34.35,35.06
All Providers Combined,Armenia,,Oct-22,median,7.2177,3.553,38.03,36.44
All Providers Combined,Armenia,,Oct-22,mean,35,30,66.44,64.93
All Providers Combined,Belarus,,Oct-22,median,19.2564,6.5003,50.2,43.48
All Providers Combined,Belarus,,Oct-22,mean,64,49,78.47,57
All Providers Combined,Kazakhstan,,Oct-22,median,20.5667,5.75,45.36,44.66
All Providers Combined,Kazakhstan,,Oct-22,mean,55,38,76.71,74.27
All Providers Combined,Kyrgyzstan,,Oct-22,median,7.2583,3.8291,46.13,44.05
All Providers Combined,Kyrgyzstan,,Oct-22,mean,39,32,51.79,52.61
All Providers Combined,Russia,,Oct-22,median,12.9333,3.1791,74.23,80.69
All Providers Combined,Russia,,Oct-22,mean,33,21,111.91,113.83
All Providers Combined,Tajikistan,,Oct-22,median,13.8,7.1354,26.75,29.72
All Providers Combined,Tajikistan,,Oct-22,mean,73,52,46.92,64.24
All Providers Combined,Uzbekistan,,Oct-22,median,14.9889,5.5833,44.75,44.99
All Providers Combined,Uzbekistan,,Oct-22,mean,57,39,63.52,79.67
All Providers Combined,Azerbaijan,,Nov-22,median,12.875,8.725,27,28.64
All Providers Combined,Azerbaijan,,Nov-22,mean,53,43,35.31,36.57
All Providers Combined,Armenia,,Nov-22,median,7.0444,3.4065,40.91,39.8
All Providers Combined,Armenia,,Nov-22,mean,34,30,73.74,72.43
All Providers Combined,Belarus,,Nov-22,median,19.7039,6.6125,50.38,44.14
All Providers Combined,Belarus,,Nov-22,mean,64,49,78.78,58.53
All Providers Combined,Kazakhstan,,Nov-22,median,21.1667,5.7966,45.44,44.79
All Providers Combined,Kazakhstan,,Nov-22,mean,56,39,77.59,75.09
All Providers Combined,Kyrgyzstan,,Nov-22,median,7.243,3.625,48.53,46.6
All Providers Combined,Kyrgyzstan,,Nov-22,mean,41,34,54.29,55.5
All Providers Combined,Russia,,Nov-22,median,13.0797,3.2274,75.1,81.24
All Providers Combined,Russia,,Nov-22,mean,33,22,113.02,114.68
All Providers Combined,Tajikistan,,Nov-22,median,13.15,6.3992,32.15,36.53
All Providers Combined,Tajikistan,,Nov-22,mean,71,53,52.58,74.48
All Providers Combined,Uzbekistan,,Nov-22,median,14.9992,5.2031,45.25,46.19
All Providers Combined,Uzbekistan,,Nov-22,mean,57,38,65.16,79.75
All Providers Combined,Azerbaijan,,Dec-22,median,11.7382,8.0583,27.15,28.81
All Providers Combined,Azerbaijan,,Dec-22,mean,51,41,35.74,37.05
All Providers Combined,Armenia,,Dec-22,median,6.7356,3.1798,40.84,39.72
All Providers Combined,Armenia,,Dec-22,mean,34,30,73.49,72.85
All Providers Combined,Belarus,,Dec-22,median,19.6319,6.0625,51.6,45.93
All Providers Combined,Belarus,,Dec-22,mean,62,47,79.35,59.42
All Providers Combined,Kazakhstan,,Dec-22,median,24.2333,6.452,41.17,41.08
All Providers Combined,Kazakhstan,,Dec-22,mean,59,41,74.84,72.45
All Providers Combined,Kyrgyzstan,,Dec-22,median,7.8673,3.9034,47.65,45.83
All Providers Combined,Kyrgyzstan,,Dec-22,mean,39,33,52.6,53.33
All Providers Combined,Russia,,Dec-22,median,13.4111,3.2625,75.23,81.87
All Providers Combined,Russia,,Dec-22,mean,33,22,113.58,115.54
All Providers Combined,Tajikistan,,Dec-22,median,13.2222,6.6431,26.64,30.01
All Providers Combined,Tajikistan,,Dec-22,mean,62,43,45.96,61.34
All Providers Combined,Uzbekistan,,Dec-22,median,15.2462,5.2279,45.03,46.03
All Providers Combined,Uzbekistan,,Dec-22,mean,60,40,63.05,78.53
All Providers Combined,Azerbaijan,,Jan-23,median,11.95,8.1594,26.27,27.85
All Providers Combined,Azerbaijan,,Jan-23,mean,53,43,34.53,35.43
All Providers Combined,Armenia,,Jan-23,median,6.8117,3.25,39.36,37.78
All Providers Combined,Armenia,,Jan-23,mean,32,28,71.36,68.3
All Providers Combined,Belarus,,Jan-23,median,17.7971,5.3229,53,46.43
All Providers Combined,Belarus,,Jan-23,mean,56,42,81.83,58.62
All Providers Combined,Kazakhstan,,Jan-23,median,23.6289,6.1735,40.05,39.36
All Providers Combined,Kazakhstan,,Jan-23,mean,57,39,73.38,71.09
All Providers Combined,Kyrgyzstan,,Jan-23,median,6.7709,3.1875,48.54,46.86
All Providers Combined,Kyrgyzstan,,Jan-23,mean,36,28,53.42,54.78
All Providers Combined,Russia,,Jan-23,median,13.6132,3.35,75.1,81.43
All Providers Combined,Russia,,Jan-23,mean,33,21,113.3,114.56
All Providers Combined,Tajikistan,,Jan-23,median,14.5833,6.625,29.97,34.29
All Providers Combined,Tajikistan,,Jan-23,mean,72,50,65.37,73.24
All Providers Combined,Uzbekistan,,Jan-23,median,14.2506,4.906,44.36,44.41
All Providers Combined,Uzbekistan,,Jan-23,mean,55,39,70.51,74.25
All Providers Combined,Azerbaijan,,Feb-23,median,10.8683,7.5155,27.57,28.75
All Providers Combined,Azerbaijan,,Feb-23,mean,49,40,36.67,36.97
All Providers Combined,Armenia,,Feb-23,median,6.6963,3.1184,39.69,37.77
All Providers Combined,Armenia,,Feb-23,mean,34,29,71.36,68.53
All Providers Combined,Belarus,,Feb-23,median,17.1094,5.2875,53.33,47.08
All Providers Combined,Belarus,,Feb-23,mean,56,43,83.94,60.8
All Providers Combined,Kazakhstan,,Feb-23,median,22.8125,5.7875,40.89,39.52
All Providers Combined,Kazakhstan,,Feb-23,mean,56,38,75.38,72.41
All Providers Combined,Kyrgyzstan,,Feb-23,median,6.9652,3.3651,48.37,46.91
All Providers Combined,Kyrgyzstan,,Feb-23,mean,38,31,55.94,56.61
All Providers Combined,Russia,,Feb-23,median,13.1667,3.1125,77.77,83.62
All Providers Combined,Russia,,Feb-23,mean,32,20,117.87,118.76
All Providers Combined,Tajikistan,,Feb-23,median,12.0527,7.0538,22.3,25.04
All Providers Combined,Tajikistan,,Feb-23,mean,70,47,43.34,53.4
All Providers Combined,Uzbekistan,,Feb-23,median,14.105,4.7546,45.64,47.98
All Providers Combined,Uzbekistan,,Feb-23,mean,53,38,65.56,83.66
All Providers Combined,Azerbaijan,,Mar-23,median,10.9521,7.5932,27.84,29.1
All Providers Combined,Azerbaijan,,Mar-23,mean,50,40,37.23,37.06
All Providers Combined,Armenia,,Mar-23,median,6.5455,2.9333,41.26,39.68
All Providers Combined,Armenia,,Mar-23,mean,32,26,76.32,73.91
All Providers Combined,Belarus,,Mar-23,median,17.7,5.4125,53.39,47.41
All Providers Combined,Belarus,,Mar-23,mean,56,43,94.53,63.83
All Providers Combined,Kazakhstan,,Mar-23,median,22.5947,5.65,41.79,40.81
All Providers Combined,Kazakhstan,,Mar-23,mean,55,38,76.15,73.47
All Providers Combined,Kyrgyzstan,,Mar-23,median,6.2444,2.825,52.33,49.67
All Providers Combined,Kyrgyzstan,,Mar-23,mean,35,29,62,62.35
All Providers Combined,Russia,,Mar-23,median,12.6932,3.0187,78.03,84.11
All Providers Combined,Russia,,Mar-23,mean,32,20,119.08,120.28
All Providers Combined,Tajikistan,,Mar-23,median,11.2393,6.3917,24.09,27.2
All Providers Combined,Tajikistan,,Mar-23,mean,71,50,43.91,52.67
All Providers Combined,Uzbekistan,,Mar-23,median,13.9805,4.1576,48.07,49.19
All Providers Combined,Uzbekistan,,Mar-23,mean,52,35,67.28,86.97
All Providers Combined,Azerbaijan,,Apr-23,median,10.2136,6.6939,28.83,29.59
All Providers Combined,Azerbaijan,,Apr-23,mean,47,37,37.61,37.32
All Providers Combined,Armenia,,Apr-23,median,6.6004,2.8532,41.57,39.89
All Providers Combined,Armenia,,Apr-23,mean,32,27,77.21,74.01
All Providers Combined,Belarus,,Apr-23,median,18.2952,5.3,51.27,46.48
All Providers Combined,Belarus,,Apr-23,mean,59,44,92.02,63.42
All Providers Combined,Kazakhstan,,Apr-23,median,24.9681,5.7375,41.02,39.4
All Providers Combined,Kazakhstan,,Apr-23,mean,57,38,74.94,72.49
All Providers Combined,Kyrgyzstan,,Apr-23,median,6.4641,3,50.95,49.06
All Providers Combined,Kyrgyzstan,,Apr-23,mean,35,29,61.44,63.41
All Providers Combined,Russia,,Apr-23,median,12.5249,2.7667,79.44,85.46
All Providers Combined,Russia,,Apr-23,mean,31,19,121.27,122.59
All Providers Combined,Tajikistan,,Apr-23,median,12.5766,8.0969,20.51,21.68
All Providers Combined,Tajikistan,,Apr-23,mean,77,53,40.7,47.09
All Providers Combined,Uzbekistan,,Apr-23,median,13.4333,3.9867,48.25,49.95
All Providers Combined,Uzbekistan,,Apr-23,mean,50,33,67.5,86.95
All Providers Combined,Azerbaijan,,May-23,median,10.1528,6.5,29.14,29.76
All Providers Combined,Azerbaijan,,May-23,mean,47,38,38.5,38.09
All Providers Combined,Armenia,,May-23,median,6.5355,2.8627,43.12,41.25
All Providers Combined,Armenia,,May-23,mean,32,27,83.63,79.69
All Providers Combined,Belarus,,May-23,median,18.4833,5.2625,51.63,46.5
All Providers Combined,Belarus,,May-23,mean,59,43,92.92,64.55
All Providers Combined,Kazakhstan,,May-23,median,23.6889,5.331,45.52,43.38
All Providers Combined,Kazakhstan,,May-23,mean,55,36,77.93,75.39
All Providers Combined,Kyrgyzstan,,May-23,median,7.3607,3.1583,51.43,49.69
All Providers Combined,Kyrgyzstan,,May-23,mean,36,29,58.48,59.44
All Providers Combined,Russia,,May-23,median,12.5585,2.6167,79.93,85.93
All Providers Combined,Russia,,May-23,mean,30,18,122.46,123.65
All Providers Combined,Tajikistan,,May-23,median,14.3583,8.1336,19.76,20.47
All Providers Combined,Tajikistan,,May-23,mean,72,51,40.7,46.36
All Providers Combined,Uzbekistan,,May-23,median,13.0667,3.8524,49.94,51.43
All Providers Combined,Uzbekistan,,May-23,mean,50,34,71.67,90.71
All Providers Combined,Azerbaijan,,Jun-23,median,9.9618,6.2156,29.47,29.73
All Providers Combined,Azerbaijan,,Jun-23,mean,44,35,38.45,37.25
All Providers Combined,Armenia,,Jun-23,median,6.5037,2.755,44.47,42.04
All Providers Combined,Armenia,,Jun-23,mean,31,25,84.99,79.74
All Providers Combined,Belarus,,Jun-23,median,19.5234,5.4125,50.99,46.56
All Providers Combined,Belarus,,Jun-23,mean,61,44,91.21,62.96
All Providers Combined,Kazakhstan,,Jun-23,median,23.2321,5.125,45.3,44.09
All Providers Combined,Kazakhstan,,Jun-23,mean,55,36,80.95,78.03
All Providers Combined,Kyrgyzstan,,Jun-23,median,6.5387,2.8272,53.12,50.45
All Providers Combined,Kyrgyzstan,,Jun-23,mean,33,27,61.22,61.82
All Providers Combined,Russia,,Jun-23,median,12.7667,2.6057,79.55,85.76
All Providers Combined,Russia,,Jun-23,mean,31,19,123.27,124.21
All Providers Combined,Tajikistan,,Jun-23,median,13.025,7.3295,21.54,19.88
All Providers Combined,Tajikistan,,Jun-23,mean,67,41,38.97,42.42
All Providers Combined,Uzbekistan,,Jun-23,median,12.7603,3.75,51.57,51.95
All Providers Combined,Uzbekistan,,Jun-23,mean,47,33,70.68,91.98
All Providers Combined,Azerbaijan,,Jul-23,median,9.9245,5.7925,29.14,30.41
All Providers Combined,Azerbaijan,,Jul-23,mean,41,34,38.37,40.39
All Providers Combined,Armenia,,Jul-23,median,6.5589,2.6993,43.97,41.8
All Providers Combined,Armenia,,Jul-23,mean,30,25,89.44,81.23
All Providers Combined,Belarus,,Jul-23,median,20.0833,5.4749,49.84,45.3
All Providers Combined,Belarus,,Jul-23,mean,59,42,91.07,62.74
All Providers Combined,Kazakhstan,,Jul-23,median,22.4564,5,46.7,45.92
All Providers Combined,Kazakhstan,,Jul-23,mean,54,35,82.12,78.77
All Providers Combined,Kyrgyzstan,,Jul-23,median,6.8167,2.9667,51.95,50.59
All Providers Combined,Kyrgyzstan,,Jul-23,mean,32,26,59.19,60.78
All Providers Combined,Russia,,Jul-23,median,13.1917,2.6492,79.32,85.36
All Providers Combined,Russia,,Jul-23,mean,32,19,123.49,124.24
All Providers Combined,Tajikistan,,Jul-23,median,13.8193,7.8777,22.01,20.49
All Providers Combined,Tajikistan,,Jul-23,mean,67,45,37.2,40.51
All Providers Combined,Uzbekistan,,Jul-23,median,12.7667,3.6875,51.95,52.45
All Providers Combined,Uzbekistan,,Jul-23,mean,47,33,71.17,95.54
All Providers Combined,Azerbaijan,,Aug-23,median,10.5833,6.6902,28.7,29.96
All Providers Combined,Azerbaijan,,Aug-23,mean,44,36,36.96,38.74
All Providers Combined,Armenia,,Aug-23,median,6.6382,2.775,44.96,43.45
All Providers Combined,Armenia,,Aug-23,mean,30,24,89.49,83.37
All Providers Combined,Belarus,,Aug-23,median,18.6166,5.1495,51.76,47.16
All Providers Combined,Belarus,,Aug-23,mean,58,41,92.92,64.88
All Providers Combined,Kazakhstan,,Aug-23,median,22.5,5.1,47.39,47
All Providers Combined,Kazakhstan,,Aug-23,mean,52,34,83.52,80.27
All Providers Combined,Kyrgyzstan,,Aug-23,median,6.9184,3.1914,52.77,51.95
All Providers Combined,Kyrgyzstan,,Aug-23,mean,32,27,60.32,62.1
All Providers Combined,Russia,,Aug-23,median,12.6667,2.625,80.52,86.7
All Providers Combined,Russia,,Aug-23,mean,30,18,126,126.63
All Providers Combined,Tajikistan,,Aug-23,median,16.3377,8.1833,20.96,19.93
All Providers Combined,Tajikistan,,Aug-23,mean,73,48,40.35,44.71
All Providers Combined,Uzbekistan,,Aug-23,median,12.9013,3.625,52.35,52.9
All Providers Combined,Uzbekistan,,Aug-23,mean,44,30,71.99,96.18
All Providers Combined,Azerbaijan,,Sep-23,median,9.658,5.9234,29.29,30.68
All Providers Combined,Azerbaijan,,Sep-23,mean,39,32,38.04,40.4
All Providers Combined,Armenia,,Sep-23,median,6.7889,2.9083,47.48,45.4
All Providers Combined,Armenia,,Sep-23,mean,30,25,93.38,85.93
All Providers Combined,Belarus,,Sep-23,median,18.4982,5.2375,53,48.26
All Providers Combined,Belarus,,Sep-23,mean,56,41,98.37,67.57
All Providers Combined,Kazakhstan,,Sep-23,median,20.2955,4.8052,48.9,48.02
All Providers Combined,Kazakhstan,,Sep-23,mean,51,34,83.69,80.78
All Providers Combined,Kyrgyzstan,,Sep-23,median,7.6555,3.275,52.22,51.72
All Providers Combined,Kyrgyzstan,,Sep-23,mean,36,29,59.09,61.5
All Providers Combined,Russia,,Sep-23,median,12.4294,2.575,81.7,87.81
All Providers Combined,Russia,,Sep-23,mean,30,18,128.19,128.6
All Providers Combined,Tajikistan,,Sep-23,median,14.41,7.9792,24.45,23.75
All Providers Combined,Tajikistan,,Sep-23,mean,60,41,47.53,51.63
All Providers Combined,Uzbekistan,,Sep-23,median,12.9132,3.5167,53.48,53.87
All Providers Combined,Uzbekistan,,Sep-23,mean,43,30,74.17,95.26
All Providers Combined,Azerbaijan,,Oct-23,median,9.8002,5.8639,30.48,32.44
All Providers Combined,Azerbaijan,,Oct-23,mean,40,33,40.81,42.05
All Providers Combined,Armenia,,Oct-23,median,6.7333,2.9875,45.31,45.57
All Providers Combined,Armenia,,Oct-23,mean,29,25,87.34,83.93
All Providers Combined,Belarus,,Oct-23,median,18.3917,5.3052,53.8,48.79
All Providers Combined,Belarus,,Oct-23,mean,55,40,98.07,68.24
All Providers Combined,Kazakhstan,,Oct-23,median,21.3,4.924,47.84,46.85
All Providers Combined,Kazakhstan,,Oct-23,mean,51,34,86.28,83.28
All Providers Combined,Kyrgyzstan,,Oct-23,median,7.0527,2.9784,54.37,53.79
All Providers Combined,Kyrgyzstan,,Oct-23,mean,30,25,62.98,66.86
All Providers Combined,Russia,,Oct-23,median,12.5107,2.6125,81.95,88.07
All Providers Combined,Russia,,Oct-23,mean,29,18,128.14,128.52
All Providers Combined,Tajikistan,,Oct-23,median,15.8388,9.5445,20.77,19.73
All Providers Combined,Tajikistan,,Oct-23,mean,64,48,41.59,46.71
All Providers Combined,Uzbekistan,,Oct-23,median,12.4556,3.3481,54.53,55.22
All Providers Combined,Uzbekistan,,Oct-23,mean,40,29,74.57,97.21
All Providers Combined,Azerbaijan,,Nov-23,median,9.7461,5.95,33.03,33.32
All Providers Combined,Azerbaijan,,Nov-23,mean,42,36,44.22,42.85
All Providers Combined,Armenia,,Nov-23,median,6.6266,2.8986,48.53,47.51
All Providers Combined,Armenia,,Nov-23,mean,31,26,90.95,87.83
All Providers Combined,Belarus,,Nov-23,median,16.643,4.9125,62.06,51.34
All Providers Combined,Belarus,,Nov-23,mean,52,38,104.4,72.2
All Providers Combined,Kazakhstan,,Nov-23,median,21.2,4.7125,51.41,51.23
All Providers Combined,Kazakhstan,,Nov-23,mean,50,33,93.42,89.44
All Providers Combined,Kyrgyzstan,,Nov-23,median,7.0034,2.975,54.55,53.71
All Providers Combined,Kyrgyzstan,,Nov-23,mean,32,26,63.25,65.6
All Providers Combined,Russia,,Nov-23,median,13.0361,2.6708,84.74,90.4
All Providers Combined,Russia,,Nov-23,mean,29,18,133.25,133.37
All Providers Combined,Tajikistan,,Nov-23,median,11.6614,6.9968,26.84,27.02
All Providers Combined,Tajikistan,,Nov-23,mean,63,40,46.65,51.49
All Providers Combined,Uzbekistan,,Nov-23,median,13.9972,3.5833,55.45,56.56
All Providers Combined,Uzbekistan,,Nov-23,mean,42,30,102.1,104.02
All Providers Combined,Azerbaijan,,Dec-23,median,10.2277,5.6625,35.25,35.17
All Providers Combined,Azerbaijan,,Dec-23,mean,41,34,49.02,47.54
All Providers Combined,Armenia,,Dec-23,median,6.85,2.9333,49.86,48.51
All Providers Combined,Armenia,,Dec-23,mean,32,27,91.72,86.22
All Providers Combined,Belarus,,Dec-23,median,17.0111,5.0083,60.62,50.86
All Providers Combined,Belarus,,Dec-23,mean,51,39,105.71,71.98
All Providers Combined,Kazakhstan,,Dec-23,median,23.2333,5.2958,48.73,48.58
All Providers Combined,Kazakhstan,,Dec-23,mean,55,36,88.16,84.38
All Providers Combined,Kyrgyzstan,,Dec-23,median,6.4935,2.75,55.21,53.63
All Providers Combined,Kyrgyzstan,,Dec-23,mean,29,25,64.8,66.46
All Providers Combined,Russia,,Dec-23,median,13.4333,2.624,85.15,90.55
All Providers Combined,Russia,,Dec-23,mean,30,18,134.93,134.35
All Providers Combined,Tajikistan,,Dec-23,median,12.2193,6.9296,26.35,27.28
All Providers Combined,Tajikistan,,Dec-23,mean,64,41,46.76,52.82
All Providers Combined,Uzbekistan,,Dec-23,median,14.7028,3.7187,55.48,59.29
All Providers Combined,Uzbekistan,,Dec-23,mean,41,29,91.6,107.3
All Providers Combined,Azerbaijan,,Jan-24,median,11,5.8875,35.25,35.31
All Providers Combined,Azerbaijan,,Jan-24,mean,43,34,51.21,48
All Providers Combined,Armenia,,Jan-24,median,6.5875,2.9656,51.43,50.07
All Providers Combined,Armenia,,Jan-24,mean,29,26,99.85,93.11
All Providers Combined,Belarus,,Jan-24,median,17.2667,5.3002,59.08,49.97
All Providers Combined,Belarus,,Jan-24,mean,51,39,103.55,69.13
All Providers Combined,Kazakhstan,,Jan-24,median,22.8,5.217,48.59,47.42
All Providers Combined,Kazakhstan,,Jan-24,mean,55,35,87.73,83.55
All Providers Combined,Kyrgyzstan,,Jan-24,median,6.7667,2.9167,55.22,53.06
All Providers Combined,Kyrgyzstan,,Jan-24,mean,28,25,63.25,64.17
All Providers Combined,Russia,,Jan-24,median,13.3667,2.5244,85.87,90.47
All Providers Combined,Russia,,Jan-24,mean,29,17,137.05,134.09
All Providers Combined,Tajikistan,,Jan-24,median,11.5667,6.8396,26.02,25.75
All Providers Combined,Tajikistan,,Jan-24,mean,54,37,45.89,49.41
All Providers Combined,Uzbekistan,,Jan-24,median,14.2,3.725,59.36,53.72
All Providers Combined,Uzbekistan,,Jan-24,mean,43,31,84.57,99.01
All Providers Combined,Azerbaijan,,Feb-24,median,11,5.4263,37.32,36.85
All Providers Combined,Azerbaijan,,Feb-24,mean,38,30,54.24,50.71
All Providers Combined,Armenia,,Feb-24,median,6.9,2.975,50.95,49.63
All Providers Combined,Armenia,,Feb-24,mean,27,22,94.17,88.89
All Providers Combined,Belarus,,Feb-24,median,16.475,4.9208,62.95,51.1
All Providers Combined,Belarus,,Feb-24,mean,46,34,109.6,71.93
All Providers Combined,Kazakhstan,,Feb-24,median,21.9056,4.7633,50.88,49.73
All Providers Combined,Kazakhstan,,Feb-24,mean,49,31,93.38,87.72
All Providers Combined,Kyrgyzstan,,Feb-24,median,7.05,2.8333,56.13,53.86
All Providers Combined,Kyrgyzstan,,Feb-24,mean,29,25,64.03,64.46
All Providers Combined,Russia,,Feb-24,median,13.1055,2.5625,86,90.92
All Providers Combined,Russia,,Feb-24,mean,29,18,139.75,137.18
All Providers Combined,Tajikistan,,Feb-24,median,11.5392,6.3437,24.92,26.01
All Providers Combined,Tajikistan,,Feb-24,mean,53,37,44.58,47.94
All Providers Combined,Uzbekistan,,Feb-24,median,15.7395,3.402,66.38,61.57
All Providers Combined,Uzbekistan,,Feb-24,mean,38,26,91.33,105.82
All Providers Combined,Azerbaijan,,Mar-24,median,11.4123,5.7237,38.32,37.69
All Providers Combined,Azerbaijan,,Mar-24,mean,37,28,56.47,51.69
All Providers Combined,Armenia,,Mar-24,median,6.8594,2.8625,52.76,50.37
All Providers Combined,Armenia,,Mar-24,mean,24,21,99.44,91.57
All Providers Combined,Belarus,,Mar-24,median,15.8244,4.4083,64.6,51.39
All Providers Combined,Belarus,,Mar-24,mean,43,30,114.07,74.09
All Providers Combined,Kazakhstan,,Mar-24,median,22.0259,4.6167,52.17,50.95
All Providers Combined,Kazakhstan,,Mar-24,mean,47,30,95.56,89.27
All Providers Combined,Kyrgyzstan,,Mar-24,median,6.5389,2.4666,57.06,55.02
All Providers Combined,Kyrgyzstan,,Mar-24,mean,25,21,66.7,68.73
All Providers Combined,Russia,,Mar-24,median,12.8638,2.4087,87.28,91.49
All Providers Combined,Russia,,Mar-24,mean,29,17,143.41,140.3
All Providers Combined,Tajikistan,,Mar-24,median,9.8708,5.6333,26.42,26
All Providers Combined,Tajikistan,,Mar-24,mean,43,32,47.1,48.77
All Providers Combined,Uzbekistan,,Mar-24,median,15.1333,3.5167,62.75,59.67
All Providers Combined,Uzbekistan,,Mar-24,mean,36,24,90.09,107.97
All Providers Combined,Azerbaijan,,Apr-24,median,10.3132,5.0955,39.24,39.54
All Providers Combined,Azerbaijan,,Apr-24,mean,34,27,58.87,54.28
All Providers Combined,Armenia,,Apr-24,median,6.6947,2.7839,54.95,51.47
All Providers Combined,Armenia,,Apr-24,mean,26,21,102.86,94.59
All Providers Combined,Belarus,,Apr-24,median,15.9731,4.7833,63.45,50.94
All Providers Combined,Belarus,,Apr-24,mean,44,33,112.81,73.08
All Providers Combined,Kazakhstan,,Apr-24,median,23.8628,4.9458,51.83,49.44
All Providers Combined,Kazakhstan,,Apr-24,mean,53,32,93.51,86.65
All Providers Combined,Kyrgyzstan,,Apr-24,median,6.2777,2.425,61.8,56.3
All Providers Combined,Kyrgyzstan,,Apr-24,mean,24,20,71.77,72.73
All Providers Combined,Russia,,Apr-24,median,12.3542,2.3354,87.73,91.13
All Providers Combined,Russia,,Apr-24,mean,29,17,145.34,140.34
All Providers Combined,Tajikistan,,Apr-24,median,10.5132,5.9366,28.89,27.99
All Providers Combined,Tajikistan,,Apr-24,mean,41,32,53.05,54.85
All Providers Combined,Uzbekistan,,Apr-24,median,14.8385,3.4083,64.5,58.23
All Providers Combined,Uzbekistan,,Apr-24,mean,35,24,92.58,108.13
All Providers Combined,Azerbaijan,,May-24,median,9.7778,4.7635,39.48,39.17
All Providers Combined,Azerbaijan,,May-24,mean,32,26,59,54.32
All Providers Combined,Armenia,,May-24,median,7.0792,2.8049,56.77,54.06
All Providers Combined,Armenia,,May-24,mean,26,22,107.39,97.76
All Providers Combined,Belarus,,May-24,median,15.2333,4.4187,63.06,51.32
All Providers Combined,Belarus,,May-24,mean,44,32,104.29,70.71
All Providers Combined,Kazakhstan,,May-24,median,22.45,4.4188,55.13,52.26
All Providers Combined,Kazakhstan,,May-24,mean,50,30,99.1,91.73
All Providers Combined,Kyrgyzstan,,May-24,median,5.9778,2.225,65.26,61.09
All Providers Combined,Kyrgyzstan,,May-24,mean,22,19,80.11,80.75
All Providers Combined,Russia,,May-24,median,12.2385,2.2932,87.71,91.08
All Providers Combined,Russia,,May-24,mean,29,17,145.24,139.75
All Providers Combined,Tajikistan,,May-24,median,10.2584,5.0458,29.68,28.69
All Providers Combined,Tajikistan,,May-24,mean,44,31,59.11,67.25
All Providers Combined,Uzbekistan,,May-24,median,14.3667,3.2168,64.85,60.65
All Providers Combined,Uzbekistan,,May-24,mean,36,24,92.2,108
All Providers Combined,Azerbaijan,,Jun-24,median,8.9664,3.9465,40.21,40.11
All Providers Combined,Azerbaijan,,Jun-24,mean,29,24,60.37,55.46
All Providers Combined,Armenia,,Jun-24,median,6.65,2.7249,56.6,54.55
All Providers Combined,Armenia,,Jun-24,mean,27,22,101.26,98.81
All Providers Combined,Belarus,,Jun-24,median,16.6829,4.9189,59.68,50.51
All Providers Combined,Belarus,,Jun-24,mean,49,35,108.05,72.67
All Providers Combined,Kazakhstan,,Jun-24,median,20.0622,4.0375,58.52,56.99
All Providers Combined,Kazakhstan,,Jun-24,mean,49,29,101.66,95.11
All Providers Combined,Kyrgyzstan,,Jun-24,median,6.1131,2.2667,64.72,61.34
All Providers Combined,Kyrgyzstan,,Jun-24,mean,23,20,82.52,82.89
All Providers Combined,Russia,,Jun-24,median,11.8833,2.225,88,91.76
All Providers Combined,Russia,,Jun-24,mean,29,17,145.96,142.61
All Providers Combined,Tajikistan,,Jun-24,median,11.5111,5.4904,30.78,29.86
All Providers Combined,Tajikistan,,Jun-24,mean,52,34,60.65,76.63
All Providers Combined,Uzbekistan,,Jun-24,median,13.3106,2.8667,65.04,63.4
All Providers Combined,Uzbekistan,,Jun-24,mean,34,23,92.96,110.39
All Providers Combined,Azerbaijan,,Jul-24,median,9.0926,3.9717,41.56,41.8
All Providers Combined,Azerbaijan,,Jul-24,mean,30,24,64.37,59.34
All Providers Combined,Armenia,,Jul-24,median,6.6,2.7639,55.82,54.65
All Providers Combined,Armenia,,Jul-24,mean,27,21,99.02,100.15
All Providers Combined,Belarus,,Jul-24,median,18.2552,5.2394,58.77,49.81
All Providers Combined,Belarus,,Jul-24,mean,52,37,112.36,71.58
All Providers Combined,Kazakhstan,,Jul-24,median,20.5167,4.375,57.93,56.73
All Providers Combined,Kazakhstan,,Jul-24,mean,48,30,99.97,94.25
All Providers Combined,Kyrgyzstan,,Jul-24,median,6.478,2.4298,63.77,59.72
All Providers Combined,Kyrgyzstan,,Jul-24,mean,25,21,87.73,88.28
All Providers Combined,Russia,,Jul-24,median,12.2139,2.2556,88.84,92.19
All Providers Combined,Russia,,Jul-24,mean,28,17,145.63,142.38
All Providers Combined,Tajikistan,,Jul-24,median,12.4589,5.9166,24.41,23.73
All Providers Combined,Tajikistan,,Jul-24,mean,55,38,60.26,60
All Providers Combined,Uzbekistan,,Jul-24,median,12.8141,3.0333,69.19,65.91
All Providers Combined,Uzbekistan,,Jul-24,mean,33,23,128.58,118.93
All Providers Combined,Azerbaijan,,Aug-24,median,8.9183,4.027,49.9,48.97
All Providers Combined,Azerbaijan,,Aug-24,mean,27,22,71.35,66.01
All Providers Combined,Armenia,,Aug-24,median,6.8627,2.8403,55.64,55.36
All Providers Combined,Armenia,,Aug-24,mean,28,21,106.91,102.33
All Providers Combined,Belarus,,Aug-24,median,17.6166,4.86,63.29,51.02
All Providers Combined,Belarus,,Aug-24,mean,48,33,118.34,73.39
All Providers Combined,Kazakhstan,,Aug-24,median,19.8333,4.4333,62.25,63.03
All Providers Combined,Kazakhstan,,Aug-24,mean,47,31,103.36,97.98
All Providers Combined,Kyrgyzstan,,Aug-24,median,5.7889,2.0639,69.08,65.82
All Providers Combined,Kyrgyzstan,,Aug-24,mean,21,18,94.96,93.9
All Providers Combined,Russia,,Aug-24,median,12.575,2.3125,89.02,92.13
All Providers Combined,Russia,,Aug-24,mean,29,17,145.66,141.89
All Providers Combined,Tajikistan,,Aug-24,median,14.0617,6.7564,28.73,28.61
All Providers Combined,Tajikistan,,Aug-24,mean,55,37,53.74,54.49
All Providers Combined,Uzbekistan,,Aug-24,median,13.0185,2.9598,73.23,69.63
All Providers Combined,Uzbekistan,,Aug-24,mean,34,23,137.38,122.31
All Providers Combined,Azerbaijan,,Sep-24,median,8.95,4.1,58.35,58.2
All Providers Combined,Azerbaijan,,Sep-24,mean,26,20,81.09,75.15
All Providers Combined,Armenia,,Sep-24,median,6.8068,2.8375,57.69,56.62
All Providers Combined,Armenia,,Sep-24,mean,28,21,101.22,102.44
All Providers Combined,Belarus,,Sep-24,median,15.6307,4.7375,66.62,51.8
All Providers Combined,Belarus,,Sep-24,mean,45,31,118.49,76.03
All Providers Combined,Kazakhstan,,Sep-24,median,17.8422,3.8333,61.82,61.94
All Providers Combined,Kazakhstan,,Sep-24,mean,43,26,105.98,100.89
All Providers Combined,Kyrgyzstan,,Sep-24,median,5.4238,1.9509,72.48,72.85
All Providers Combined,Kyrgyzstan,,Sep-24,mean,19,17,99.72,100.3
All Providers Combined,Russia,,Sep-24,median,12.5208,2.2964,89.72,92.67
All Providers Combined,Russia,,Sep-24,mean,29,17,151.89,146.98
All Providers Combined,Tajikistan,,Sep-24,median,13.4819,6.6345,26.03,26.25
All Providers Combined,Tajikistan,,Sep-24,mean,50,34,52.54,56.66
All Providers Combined,Uzbekistan,,Sep-24,median,12.8564,2.725,76.01,74.01
All Providers Combined,Uzbekistan,,Sep-24,mean,31,21,142.76,127.18
All Providers Combined,Azerbaijan,,Oct-24,median,8.9326,3.7613,64.45,60.23
All Providers Combined,Azerbaijan,,Oct-24,mean,28,21,104.98,99.71
All Providers Combined,Armenia,,Oct-24,median,6.8378,3.0003,55.68,55.41
All Providers Combined,Armenia,,Oct-24,mean,30,23,97.04,101.06
All Providers Combined,Belarus,,Oct-24,median,12.4167,3.525,83.14,56.55
All Providers Combined,Belarus,,Oct-24,mean,39,26,132.73,85.62
All Providers Combined,Kazakhstan,,Oct-24,median,17.3823,3.65,66.93,68.54
All Providers Combined,Kazakhstan,,Oct-24,mean,43,25,111.01,108.03
All Providers Combined,Kyrgyzstan,,Oct-24,median,5.2792,1.8843,74.82,74.81
All Providers Combined,Kyrgyzstan,,Oct-24,mean,20,17,107.11,104.71
All Providers Combined,Russia,,Oct-24,median,13.1245,2.4,90.13,92.77
All Providers Combined,Russia,,Oct-24,mean,30,17,155.32,148.72
All Providers Combined,Tajikistan,,Oct-24,median,10.4382,5.5519,30.24,28.72
All Providers Combined,Tajikistan,,Oct-24,mean,48,31,54.97,56.13
All Providers Combined,Uzbekistan,,Oct-24,median,12.6587,2.7354,78.54,77.42
All Providers Combined,Uzbekistan,,Oct-24,mean,31,21,146.92,132.49
All Providers Combined,Azerbaijan,,Nov-24,median,9.1305,3.875,65.84,68.59
All Providers Combined,Azerbaijan,,Nov-24,mean,28,21,107.03,105.75
All Providers Combined,Armenia,,Nov-24,median,6.8333,2.9581,58.67,58.28
All Providers Combined,Armenia,,Nov-24,mean,31,22,100.42,102.6
All Providers Combined,Belarus,,Nov-24,median,14.6667,4.6129,75.31,52.55
All Providers Combined,Belarus,,Nov-24,mean,43,30,130.1,80.53
All Providers Combined,Kazakhstan,,Nov-24,median,17.35,3.75,73.87,76.56
All Providers Combined,Kazakhstan,,Nov-24,mean,42,25,116.32,114.15
All Providers Combined,Kyrgyzstan,,Nov-24,median,6.2333,2.2381,74.15,73.58
All Providers Combined,Kyrgyzstan,,Nov-24,mean,23,18,105.33,105.96
All Providers Combined,Russia,,Nov-24,median,13.1568,2.4667,90.13,92.78
All Providers Combined,Russia,,Nov-24,mean,30,17,154.62,149.19
All Providers Combined,Tajikistan,,Nov-24,median,11.4444,5.9625,31.86,30.82
All Providers Combined,Tajikistan,,Nov-24,mean,51,35,54.03,55.74
All Providers Combined,Uzbekistan,,Nov-24,median,12.3,2.6583,82.22,80.14
All Providers Combined,Uzbekistan,,Nov-24,mean,29,19,152.97,134.3
All Providers Combined,Azerbaijan,,Dec-24,median,8.8451,3.685,66.47,68.51
All Providers Combined,Azerbaijan,,Dec-24,mean,28,21,110.9,107.48
All Providers Combined,Armenia,,Dec-24,median,6.7167,2.8125,59.57,59.49
All Providers Combined,Armenia,,Dec-24,mean,28,21,99.08,102.19
All Providers Combined,Belarus,,Dec-24,median,14.7292,4.45,78.37,53.2
All Providers Combined,Belarus,,Dec-24,mean,42,29,134.53,83.55
All Providers Combined,Kazakhstan,,Dec-24,median,17.0754,3.2685,82.76,86.52
All Providers Combined,Kazakhstan,,Dec-24,mean,40,23,127.23,122.96
All Providers Combined,Kyrgyzstan,,Dec-24,median,5.7708,2.0373,74.73,74.87
All Providers Combined,Kyrgyzstan,,Dec-24,mean,21,18,110.91,112.89
All Providers Combined,Russia,,Dec-24,median,12.5,2.2583,90.49,92.83
All Providers Combined,Russia,,Dec-24,mean,29,17,157.36,149.95
All Providers Combined,Tajikistan,,Dec-24,median,20.5798,6.4479,33.29,32.78
All Providers Combined,Tajikistan,,Dec-24,mean,57,35,57.79,60.01
All Providers Combined,Uzbekistan,,Dec-24,median,12.8264,2.7226,82.21,79.71
All Providers Combined,Uzbekistan,,Dec-24,mean,30,19,151.33,133.96
All Providers Combined,Azerbaijan,,Jan-25,median,9.1093,3.8841,68.62,69.53
All Providers Combined,Azerbaijan,,Jan-25,mean,28,21,110.66,105.42
All Providers Combined,Armenia,,Jan-25,median,6.8517,2.875,60.74,60.34
All Providers Combined,Armenia,,Jan-25,mean,27,21,100.26,102.47
All Providers Combined,Belarus,,Jan-25,median,14.2833,3.875,79.9,54.25
All Providers Combined,Belarus,,Jan-25,mean,42,28,127.99,81.72
All Providers Combined,Kazakhstan,,Jan-25,median,15.9889,3.2117,80.85,83.72
All Providers Combined,Kazakhstan,,Jan-25,mean,40,23,134.02,124.89
All Providers Combined,Kyrgyzstan,,Jan-25,median,5.9963,2.125,77.5,76.51
All Providers Combined,Kyrgyzstan,,Jan-25,mean,21,18,117.82,119.86
All Providers Combined,Russia,,Jan-25,median,12.923,2.275,90.3,92.16
All Providers Combined,Russia,,Jan-25,mean,29,17,159.26,152.88
All Providers Combined,Tajikistan,,Jan-25,median,12.5133,6.0731,30.84,31.06
All Providers Combined,Tajikistan,,Jan-25,mean,53,34,55.45,60.4
All Providers Combined,Uzbekistan,,Jan-25,median,13.9633,2.8217,80.07,79.58
All Providers Combined,Uzbekistan,,Jan-25,mean,32,20,147.06,133.43
All Providers Combined,Azerbaijan,,Feb-25,median,9.1229,3.575,74.32,72.85
All Providers Combined,Azerbaijan,,Feb-25,mean,28,21,125.15,113.73
All Providers Combined,Armenia,,Feb-25,median,6.861,2.9583,62.26,62.08
All Providers Combined,Armenia,,Feb-25,mean,30,24,103.28,104.03
All Providers Combined,Belarus,,Feb-25,median,15.2778,4.8557,76.95,54.06
All Providers Combined,Belarus,,Feb-25,mean,46,32,123.13,80.98
All Providers Combined,Kazakhstan,,Feb-25,median,15.675,3.4125,81.11,84.27
All Providers Combined,Kazakhstan,,Feb-25,mean,41,24,134.94,126.06
All Providers Combined,Kyrgyzstan,,Feb-25,median,6.0222,2.2118,79.28,79.5
All Providers Combined,Kyrgyzstan,,Feb-25,mean,21,18,119.95,123.9
All Providers Combined,Russia,,Feb-25,median,13.0062,2.5546,90.27,92
All Providers Combined,Russia,,Feb-25,mean,30,18,160.61,154.26
All Providers Combined,Tajikistan,,Feb-25,median,11.5997,6.2044,34.33,32.26
All Providers Combined,Tajikistan,,Feb-25,mean,50,35,57.98,59.34
All Providers Combined,Uzbekistan,,Feb-25,median,13.9828,3.0416,82.68,81.69
All Providers Combined,Uzbekistan,,Feb-25,mean,32,22,160.42,143.51
All Providers Combined,Azerbaijan,,Mar-25,median,8.5156,3.4411,79.64,80.96
All Providers Combined,Azerbaijan,,Mar-25,mean,28,22,139.51,127.21
All Providers Combined,Armenia,,Mar-25,median,6.4125,2.7227,68.77,70.06
All Providers Combined,Armenia,,Mar-25,mean,29,22,110.45,114.97
All Providers Combined,Belarus,,Mar-25,median,14.8,4.8625,81.26,55.67
All Providers Combined,Belarus,,Mar-25,mean,46,33,134.64,83.74
All Providers Combined,Kazakhstan,,Mar-25,median,16.07,3.8833,81.31,84.72
All Providers Combined,Kazakhstan,,Mar-25,mean,44,28,137.56,129.01
All Providers Combined,Kyrgyzstan,,Mar-25,median,6.4889,2.375,82.93,80.95
All Providers Combined,Kyrgyzstan,,Mar-25,mean,22,19,125.47,125.18
All Providers Combined,Russia,,Mar-25,median,13.1452,2.6753,90.67,92.61
All Providers Combined,Russia,,Mar-25,mean,30,18,162.45,157.68
All Providers Combined,Tajikistan,,Mar-25,median,18.1988,6.8222,35.76,32.32
All Providers Combined,Tajikistan,,Mar-25,mean,55,36,60.61,60.33
All Providers Combined,Uzbekistan,,Mar-25,median,13.5698,3.1125,85.6,84.54
All Providers Combined,Uzbekistan,,Mar-25,mean,34,23,166.1,145.9
All Providers Combined,Azerbaijan,,Apr-25,median,8.3667,3.4789,78.34,78.9
All Providers Combined,Azerbaijan,,Apr-25,mean,30,24,138.61,123.47
All Providers Combined,Armenia,,Apr-25,median,6.904,3.0267,66.58,66.29
All Providers Combined,Armenia,,Apr-25,mean,36,26,106.83,109.86
All Providers Combined,Belarus,,Apr-25,median,15.4333,5.2,80.46,56.11
All Providers Combined,Belarus,,Apr-25,mean,49,34,140.76,86.3
All Providers Combined,Kazakhstan,,Apr-25,median,18.6889,4.6083,76.03,77.28
All Providers Combined,Kazakhstan,,Apr-25,mean,51,32,129.77,121.46
All Providers Combined,Kyrgyzstan,,Apr-25,median,6.4155,2.5417,83.08,84.37
All Providers Combined,Kyrgyzstan,,Apr-25,mean,24,21,134.54,134.88
All Providers Combined,Russia,,Apr-25,median,13.15,2.7125,90.72,92.87
All Providers Combined,Russia,,Apr-25,mean,31,18,161.76,157.68
All Providers Combined,Tajikistan,,Apr-25,median,39.4778,9.0749,38.23,34.34
All Providers Combined,Tajikistan,,Apr-25,mean,71,39,70.09,69.8
All Providers Combined,Uzbekistan,,Apr-25,median,13.85,3.3839,86.3,84.79
All Providers Combined,Uzbekistan,,Apr-25,mean,36,25,171.24,148.93
All Providers Combined,Azerbaijan,,May-25,median,8.1503,3.0979,81.22,80.67
All Providers Combined,Azerbaijan,,May-25,mean,29,23,141.55,126.61
All Providers Combined,Armenia,,May-25,median,6.7967,2.9696,70.98,69.71
All Providers Combined,Armenia,,May-25,mean,33,27,124.14,124.26
All Providers Combined,Belarus,,May-25,median,15.7083,5.3875,77.32,54.93
All Providers Combined,Belarus,,May-25,mean,50,36,134.04,84.7
All Providers Combined,Kazakhstan,,May-25,median,16.7692,4.0577,80.84,81.43
All Providers Combined,Kazakhstan,,May-25,mean,50,32,136.7,125.86
All Providers Combined,Kyrgyzstan,,May-25,median,6.6026,2.5083,81.1,83.1
All Providers Combined,Kyrgyzstan,,May-25,mean,27,23,131.26,131.98
All Providers Combined,Russia,,May-25,median,12.5306,2.6891,90.75,93.04
All Providers Combined,Russia,,May-25,mean,30,19,163.82,159.71
All Providers Combined,Tajikistan,,May-25,median,32.75,8.2833,36.49,31.22
All Providers Combined,Tajikistan,,May-25,mean,67,38,66.66,63.15
All Providers Combined,Uzbekistan,,May-25,median,13.7927,3.1757,89.67,87.3
All Providers Combined,Uzbekistan,,May-25,mean,35,24,190.75,159.33
All Providers Combined,Azerbaijan,,Jun-25,median,8.3513,3.05,84.26,83.33
All Providers Combined,Azerbaijan,,Jun-25,mean,29,23,148.15,133.17
All Providers Combined,Armenia,,Jun-25,median,6.7667,2.95,73.89,72.94
All Providers Combined,Armenia,,Jun-25,mean,33,26,139.66,136.38
All Providers Combined,Belarus,,Jun-25,median,15.5618,5.2,80.54,57.61
All Providers Combined,Belarus,,Jun-25,mean,50,36,139.51,87.72
All Providers Combined,Kazakhstan,,Jun-25,median,15.371,3.8386,84.24,85.15
All Providers Combined,Kazakhstan,,Jun-25,mean,47,31,139.94,130.59
All Providers Combined,Kyrgyzstan,,Jun-25,median,6.1937,2.2688,82.96,85.14
All Providers Combined,Kyrgyzstan,,Jun-25,mean,25,21,131.21,132.95
All Providers Combined,Russia,,Jun-25,median,12.3388,2.625,91.47,92.98
All Providers Combined,Russia,,Jun-25,mean,29,18,166.99,161.22
All Providers Combined,Tajikistan,,Jun-25,median,10.8632,5.875,38.94,30.94
All Providers Combined,Tajikistan,,Jun-25,mean,55,33,67.85,64.44
All Providers Combined,Uzbekistan,,Jun-25,median,13.4,3.2676,86.72,83.69
All Providers Combined,Uzbekistan,,Jun-25,mean,37,26,174.47,148.42
All Providers Combined,Azerbaijan,,Jul-25,median,8.4778,3.1336,84.64,84.24
All Providers Combined,Azerbaijan,,Jul-25,mean,30,23,153.11,135.92
All Providers Combined,Armenia,,Jul-25,median,6.9442,3.125,72.23,69.48
All Providers Combined,Armenia,,Jul-25,mean,34,28,131.53,129.87
All Providers Combined,Belarus,,Jul-25,median,16.6444,5.4833,78.1,55.31
All Providers Combined,Belarus,,Jul-25,mean,51,36,137.88,86.69
All Providers Combined,Kazakhstan,,Jul-25,median,16.5694,4.1584,81.68,81.69
All Providers Combined,Kazakhstan,,Jul-25,mean,50,31,135.63,127.47
All Providers Combined,Kyrgyzstan,,Jul-25,median,6.6763,2.4202,82.41,84.56
All Providers Combined,Kyrgyzstan,,Jul-25,mean,26,22,133.45,134.35
All Providers Combined,Russia,,Jul-25,median,13.2,2.95,90.11,91.98
All Providers Combined,Russia,,Jul-25,mean,31,20,161.39,153.68
All Providers Combined,Tajikistan,,Jul-25,median,11.0032,6.275,39.34,31.97
All Providers Combined,Tajikistan,,Jul-25,mean,55,34,66.85,62.15
All Providers Combined,Uzbekistan,,Jul-25,median,12.85,3.0329,87.7,85.85
All Providers Combined,Uzbekistan,,Jul-25,mean,37,26,179.63,152.73
All Providers Combined,Azerbaijan,,Aug-25,median,8.4706,3.1289,84.84,84.61
All Providers Combined,Azerbaijan,,Aug-25,mean,33,26,155.32,140.98
All Providers Combined,Armenia,,Aug-25,median,6.9939,3.175,69.66,67.57
All Providers Combined,Armenia,,Aug-25,mean,37,31,121.51,121.09
All Providers Combined,Belarus,,Aug-25,median,15.6833,5.0333,81.95,59.48
All Providers Combined,Belarus,,Aug-25,mean,53,37,142.02,88.78
All Providers Combined,Kazakhstan,,Aug-25,median,14.7417,3.9083,83.24,86.17
All Providers Combined,Kazakhstan,,Aug-25,mean,49,32,137.69,131.62
All Providers Combined,Kyrgyzstan,,Aug-25,median,6.6622,2.3333,83.59,85.65
All Providers Combined,Kyrgyzstan,,Aug-25,mean,28,23,136.17,137.28
All Providers Combined,Russia,,Aug-25,median,29.3675,4.675,89.37,91.06
All Providers Combined,Russia,,Aug-25,mean,47,24,152.07,141.83
All Providers Combined,Tajikistan,,Aug-25,median,10.4236,6.2069,36.72,30.29
All Providers Combined,Tajikistan,,Aug-25,mean,58,39,61.27,59.34
All Providers Combined,Uzbekistan,,Aug-25,median,13.8371,3.4051,86.28,85.19
All Providers Combined,Uzbekistan,,Aug-25,mean,39,28,177.15,150.93
All Providers Combined,Azerbaijan,,Sep-25,median,8.2312,3.1278,84.8,85.27
All Providers Combined,Azerbaijan,,Sep-25,mean,31,25,154.24,140.32
All Providers Combined,Armenia,,Sep-25,median,6.8889,3.004,73.57,71.65
All Providers Combined,Armenia,,Sep-25,mean,36,28,124.17,124.41
All Providers Combined,Belarus,,Sep-25,median,14.45,4.8069,85.47,64.24
All Providers Combined,Belarus,,Sep-25,mean,52,37,148.61,93.2
All Providers Combined,Kazakhstan,,Sep-25,median,13.4722,3.5833,84.51,88.49
All Providers Combined,Kazakhstan,,Sep-25,mean,45,30,140.84,134.51
All Providers Combined,Kyrgyzstan,,Sep-25,median,6.2399,2.1333,85.32,88.33
All Providers Combined,Kyrgyzstan,,Sep-25,mean,25,21,139.54,138.9
All Providers Combined,Russia,,Sep-25,median,35,4.5333,88.83,91.14
All Providers Combined,Russia,,Sep-25,mean,49,24,150.92,141.98
All Providers Combined,Tajikistan,,Sep-25,median,10.1885,5.5594,40.26,30.46
All Providers Combined,Tajikistan,,Sep-25,mean,50,34,65.53,59.98
All Providers Combined,Uzbekistan,,Sep-25,median,12.6833,3.1487,89.14,89.02
All Providers Combined,Uzbekistan,,Sep-25,mean,36,26,188.86,159.85